Date,r1_tmin,r2_tmin,r1_tmax,r2_tmax,r1_tavg,r2_tavg,r1_pcp,r2_pcp
190001,19.6,4.4,36.4,28.6,28.0,16.4,1.66,4.07
190002,16.7,4.9,35.5,26.9,26.1,15.9,2.36,5.24
190003,25.9,8.5,50.8,30.9,38.4,19.7,1.57,4.54
190004,32.2,29.1,54.2,49.9,43.2,39.5,2.77,1.27
190005,37.9,36.2,65.3,62.7,51.6,49.5,2.42,2.89
190006,45.4,49.1,78.6,75.3,62.0,62.2,0.66,3.3
190007,46.1,54.1,80.8,77.8,63.4,65.9,0.22,3.98
190008,44.9,53.5,75.1,75.9,60.0,64.7,0.76,4.31
190009,39.6,46.3,66.1,69.2,52.8,57.7,1.23,2.52
190010,31.9,39.4,53.7,60.9,42.8,50.2,3.05,2.96
190011,22.0,25.2,40.5,42.2,31.2,33.7,2.66,6.51
190012,21.9,7.9,34.6,27.6,28.2,17.8,2.06,2.04
190101,16.9,4.1,32.9,24.5,24.9,14.3,3.53,2.38
190102,15.6,0.3,33.7,19.9,24.6,10.1,3.26,0.97
190103,22.4,14.9,41.6,34.7,32.0,24.8,2.03,4.03
190104,27.1,32.8,50.2,52.6,38.7,42.7,1.38,3.91
190105,40.0,41.6,65.8,63.3,52.9,52.5,2.27,4.82
190106,39.1,50.4,64.8,75.6,51.9,63.0,1.22,3.16
190107,49.6,56.5,84.2,79.3,66.9,67.9,0.29,4.47
190108,50.1,54.2,82.5,75.5,66.3,64.9,0.58,4.19
190109,37.7,45.2,63.5,68.2,50.6,56.7,1.41,2.91
190110,35.1,33.6,60.5,56.6,47.8,45.1,1.37,2.61
190111,25.7,18.9,45.7,34.5,35.7,26.7,1.48,2.28
190112,18.2,11.2,33.6,30.2,25.9,20.7,3.23,5.01
190201,12.0,2.7,30.9,24.5,21.4,13.6,1.94,2.3
190202,22.3,5.6,37.8,27.0,30.0,16.3,3.77,2.36
190203,21.0,23.3,39.3,43.2,30.2,33.3,1.8,4.36
190204,28.7,31.4,50.5,52.2,39.6,41.8,2.04,3.59
190205,37.1,38.2,61.8,61.5,49.4,49.9,2.37,3.97
190206,41.1,46.0,71.3,68.3,56.2,57.2,0.72,4.64
190207,44.8,52.8,76.7,73.5,60.8,63.2,1.46,4.99
190208,45.8,49.1,78.2,71.3,62.0,60.2,0.51,4.3
190209,37.2,46.3,69.2,67.0,53.2,56.6,0.56,4.29
190210,31.0,33.5,58.8,53.0,44.9,43.3,0.65,4.63
190211,23.1,26.5,38.6,46.3,30.9,36.4,3.74,1.44
190212,17.1,6.0,32.2,25.8,24.7,15.9,3.38,3.91
190301,17.1,6.0,31.1,25.6,24.1,15.8,4.26,3.21
190302,4.8,9.0,27.3,28.8,16.1,18.9,0.55,3.61
190303,21.4,26.1,40.8,45.6,31.1,35.8,3.14,4.87
190304,27.9,28.2,49.5,51.8,38.7,40.0,1.77,1.65
190305,34.1,38.9,60.0,69.7,47.1,54.3,2.02,0.41
190306,46.2,45.9,74.2,68.4,60.2,57.2,1.47,5.81
190307,45.3,52.9,76.6,74.8,60.9,63.8,0.9,4.95
190308,46.7,46.5,79.9,67.8,63.3,57.2,0.89,3.98
190309,37.4,43.6,65.2,70.0,51.3,56.8,1.39,1.16
190310,31.8,34.8,57.6,55.1,44.7,44.9,1.5,3.37
190311,22.8,19.2,40.1,38.1,31.4,28.7,4.32,1.48
190312,15.7,5.2,32.0,25.1,23.8,15.1,1.95,2.73
190401,14.2,-3.1,31.0,17.8,22.6,7.3,2.32,2.7
190402,18.0,-1.5,35.4,20.1,26.7,9.3,5.12,1.63
190403,23.5,14.6,37.8,33.9,30.7,24.2,5.75,2.07
190404,29.2,27.6,54.3,47.6,41.8,37.6,1.86,3.67
190405,36.3,43.5,61.9,69.5,49.1,56.5,1.09,3.31
190406,40.8,48.0,70.6,73.3,55.7,60.7,1.32,2.89
190407,47.2,52.8,79.0,76.6,63.1,64.7,1.17,3.93
190408,48.5,48.7,80.9,73.1,64.7,60.9,0.58,4.75
190409,40.7,41.7,72.1,63.9,56.4,52.8,0.43,6.63
190410,33.8,30.9,58.2,51.5,46.0,41.2,1.82,3.03
190411,25.1,15.8,49.1,35.8,37.1,25.8,0.89,0.99
190412,16.5,0.4,33.7,21.0,25.1,10.7,2.83,1.75
190501,17.5,1.2,31.7,21.6,24.6,11.4,1.63,2.4
190502,11.9,-2.1,33.8,21.4,22.8,9.7,0.97,1.22
190503,26.8,12.9,47.2,37.0,37.0,24.9,2.94,2.49
190504,30.7,28.0,55.2,49.5,43.0,38.7,1.68,2.06
190505,35.5,39.3,58.3,63.5,46.9,51.4,2.6,2.36
190506,41.6,47.1,67.8,71.1,54.7,59.1,2.33,4.82
190507,49.0,55.1,81.7,77.2,65.4,66.1,0.4,6.15
190508,48.2,49.4,81.0,72.8,64.6,61.1,0.44,4.24
190509,40.7,44.6,70.8,65.4,55.8,55.0,0.99,5.75
190510,26.9,33.1,51.2,55.8,39.1,44.5,1.32,2.07
190511,20.5,20.2,43.3,39.0,31.9,29.6,2.05,2.45
190512,12.3,12.1,28.7,31.9,20.5,22.0,1.6,2.99
190601,15.1,11.9,30.6,33.4,22.9,22.6,4.17,1.96
190602,19.0,3.6,34.7,28.7,26.8,16.1,2.65,2.53
190603,18.4,10.2,38.1,30.4,28.2,20.3,3.27,2.61
190604,30.7,27.6,56.1,50.2,43.4,38.9,1.36,1.68
190605,36.9,38.4,60.4,63.0,48.6,50.7,3.42,4.75
190606,40.5,48.7,65.5,73.5,53.0,61.1,2.25,4.82
190607,50.5,52.7,84.4,77.7,67.5,65.2,0.28,3.75
190608,48.3,53.3,79.0,78.5,63.7,65.9,1.36,3.25
190609,40.4,44.2,71.5,70.8,56.0,57.5,0.8,2.47
190610,32.5,34.0,58.4,56.8,45.4,45.4,0.88,3.52
190611,22.0,22.6,38.5,38.1,30.3,30.3,3.85,2.7
190612,23.7,4.1,35.5,25.1,29.6,14.6,4.23,3.07
190701,10.8,1.9,27.0,23.2,18.9,12.6,4.14,2.1
190702,23.4,-3.5,41.5,20.2,32.4,8.3,3.19,1.16
190703,27.4,16.0,41.2,37.5,34.3,26.8,4.35,2.15
190704,30.1,24.6,51.9,46.1,41.0,35.4,1.79,3.38
190705,35.4,34.7,62.0,57.3,48.7,46.0,1.23,2.62
190706,41.1,47.2,64.3,73.3,52.7,60.3,3.22,4.21
190707,48.0,53.1,78.3,77.1,63.1,65.1,1.07,4.29
190708,44.3,47.9,74.5,72.9,59.4,60.4,1.32,1.71
190709,39.3,47.3,68.5,65.2,53.9,56.2,0.95,7.81
190710,34.9,29.2,62.3,50.9,48.6,40.0,1.31,4.89
190711,23.3,22.4,43.3,39.7,33.3,31.1,1.56,3.34
190712,18.8,14.7,32.9,32.4,25.9,23.6,3.7,3.7
190801,14.9,5.0,32.1,27.6,23.5,16.3,1.47,2.11
190802,17.9,0.9,36.9,23.0,27.4,12.0,1.6,3.92
190803,23.2,15.5,42.6,37.2,32.9,26.4,1.77,2.31
190804,29.6,26.1,56.8,47.7,43.2,36.9,1.09,3.03
190805,35.1,43.2,55.7,66.8,45.4,55.0,3.27,4.87
190806,40.7,47.3,64.0,75.8,52.3,61.5,3.28,2.6
190807,50.0,55.3,82.2,81.4,66.1,68.4,0.75,2.86
190808,46.5,49.6,76.8,73.9,61.6,61.8,0.88,3.59
190809,40.5,44.6,69.3,74.0,54.9,59.3,1.52,1.09
190810,31.6,34.2,51.4,60.8,41.5,47.5,2.91,2.01
190811,22.7,24.8,43.4,40.5,33.1,32.7,1.29,1.46
190812,15.6,8.1,29.8,28.3,22.7,18.2,1.85,2.72
190901,17.4,7.0,32.3,27.4,24.8,17.2,6.38,4.51
190902,21.3,7.2,35.5,29.1,28.4,18.1,3.34,4.63
190903,23.9,14.3,43.6,34.2,33.8,24.2,1.54,2.01
190904,25.6,27.1,48.9,48.8,37.2,37.9,0.86,3.17
190905,33.6,39.4,58.7,61.0,46.2,50.2,1.97,4.69
190906,43.3,48.0,71.6,74.6,57.4,61.3,1.04,3.36
190907,47.8,50.6,79.0,75.5,63.4,63.0,1.87,2.66
190908,47.0,49.0,80.4,74.7,63.7,61.8,0.55,3.45
190909,42.8,43.4,67.6,67.0,55.2,55.2,2.49,4.23
190910,31.5,32.9,56.3,53.3,43.9,43.1,1.29,1.37
190911,27.1,25.6,41.0,44.7,34.0,35.1,5.57,2.17
190912,10.5,11.3,24.2,26.0,17.4,18.7,2.73,1.94
191001,9.1,7.5,25.9,27.9,17.5,17.7,3.08,3.19
191002,11.3,2.4,28.3,26.5,19.8,14.4,3.55,4.24
191003,28.0,21.3,50.4,44.2,39.2,32.8,1.44,1.15
191004,32.5,33.8,59.3,56.0,45.9,44.9,1.71,2.8
191005,37.2,40.1,65.0,62.1,51.1,51.1,1.75,4.45
191006,41.6,47.6,73.7,69.7,57.6,58.6,0.4,3.42
191007,50.3,53.9,83.4,79.0,66.9,66.4,0.42,2.44
191008,42.8,50.1,77.9,73.4,60.4,61.8,0.1,3.99
191009,41.2,43.4,69.2,66.4,55.2,54.9,1.5,4.31
191010,32.3,34.6,58.6,56.5,45.5,45.6,1.97,2.35
191011,26.6,24.1,41.2,37.2,33.9,30.6,4.86,2.56
191012,20.8,2.5,33.7,23.0,27.2,12.8,2.1,2.23
191101,16.4,5.2,31.8,27.9,24.1,16.6,4.29,1.9
191102,11.1,1.6,29.7,24.4,20.4,13.0,1.39,2.62
191103,22.4,9.6,45.8,34.5,34.1,22.0,0.93,3.23
191104,27.1,23.4,50.7,49.3,38.9,36.3,1.57,0.97
191105,34.7,44.2,57.8,73.3,46.3,58.8,2.96,1.49
191106,45.5,47.5,69.7,70.9,57.6,59.2,3.05,3.08
191107,47.7,54.7,79.9,82.3,63.8,68.5,0.26,4.08
191108,43.6,51.7,77.9,76.1,60.8,63.9,0.37,4.09
191109,38.5,42.2,66.7,65.7,52.6,53.9,0.97,4.02
191110,28.4,32.5,53.1,54.0,40.7,43.2,2.38,4.19
191111,19.3,21.3,35.8,38.8,27.6,30.0,2.78,2.52
191112,14.3,20.0,30.3,34.7,22.3,27.3,1.95,3.17
191201,15.4,-4.5,30.1,17.0,22.7,6.2,3.45,2.24
191202,20.6,1.5,35.6,24.3,28.1,12.9,2.47,2.15
191203,19.9,9.1,39.4,33.2,29.6,21.1,2.13,3.54
191204,29.1,26.8,49.8,50.3,39.4,38.6,3.12,3.13
191205,35.7,40.3,59.9,64.4,47.8,52.3,2.69,6.42
191206,44.0,44.2,71.9,71.8,57.9,58.0,1.62,1.93
191207,46.8,51.7,75.4,79.1,61.1,65.4,1.51,2.83
191208,45.5,48.9,73.8,69.9,59.7,59.4,1.55,4.57
191209,35.3,45.3,62.0,64.5,48.6,54.9,1.11,5.6
191210,29.9,35.6,50.1,57.9,40.0,46.8,2.62,3.66
191211,25.3,25.2,41.7,42.4,33.5,33.8,2.29,3.61
191212,14.9,16.5,31.4,35.2,23.1,25.8,2.03,3.01
191301,10.7,14.8,27.3,35.0,19.0,24.9,3.94,3.61
191302,9.1,4.1,29.2,24.2,19.1,14.2,1.04,1.65
191303,20.3,20.1,37.4,41.8,28.8,31.0,2.67,6.44
191304,29.3,30.9,54.0,53.9,41.6,42.4,1.37,2.01
191305,37.8,38.0,62.6,61.5,50.2,49.8,2.03,3.68
191306,44.8,44.9,68.7,74.1,56.7,59.5,3.54,1.5
191307,48.3,52.1,76.0,78.9,62.1,65.5,1.98,4.06
191308,48.6,49.4,79.6,75.7,64.1,62.5,0.76,1.91
191309,39.6,41.0,69.8,67.4,54.7,54.2,0.92,2.5
191310,29.8,41.0,51.6,58.5,40.7,49.8,1.9,5.21
191311,26.8,26.6,41.7,44.8,34.2,35.7,3.49,2.14
191312,12.6,14.8,30.1,32.4,21.3,23.6,1.9,3.03
191401,19.6,1.1,34.2,24.4,26.9,12.7,4.03,2.04
191402,16.6,-4.6,33.8,20.6,25.2,8.0,2.14,1.74
191403,23.7,16.9,46.2,35.4,35.0,26.2,1.03,3.26
191404,31.5,25.3,53.7,45.8,42.6,35.6,2.22,4.93
191405,38.0,39.6,66.2,67.5,52.1,53.6,1.6,1.21
191406,42.1,45.8,67.2,71.1,54.7,58.5,2.76,3.03
191407,49.9,52.2,81.6,75.3,65.8,63.8,0.89,4.02
191408,45.9,51.6,80.5,74.6,63.2,63.1,0.16,5.14
191409,38.4,42.2,66.3,67.4,52.3,54.8,1.84,2.1
191410,35.0,36.6,55.7,59.5,45.3,48.1,2.39,1.64
191411,21.6,19.9,45.8,39.6,33.7,29.8,1.09,2.55
191412,6.7,7.4,26.3,27.7,16.5,17.6,1.02,2.0
191501,11.0,8.0,29.2,28.8,20.1,18.4,1.68,2.99
191502,23.0,11.4,39.0,31.8,31.0,21.6,2.19,4.19
191503,25.4,13.6,48.4,33.7,36.9,23.6,1.44,0.32
191504,33.8,33.4,59.8,57.2,46.8,45.3,2.0,1.83
191505,37.3,36.2,57.5,60.1,47.4,48.2,4.85,1.94
191506,39.5,45.6,67.4,73.2,53.5,59.4,1.36,2.65
191507,46.6,53.4,76.7,75.6,61.6,64.5,1.69,8.4
191508,49.8,51.9,84.6,72.6,67.2,62.3,0.27,5.43
191509,39.3,47.4,65.6,71.3,52.5,59.3,1.69,2.5
191510,31.8,36.5,59.4,56.6,45.6,46.6,0.78,2.57
191511,22.7,25.4,38.5,42.6,30.6,34.0,2.84,2.47
191512,16.6,13.7,31.4,28.5,24.0,21.1,2.93,3.9
191601,6.1,7.3,23.4,30.5,14.8,18.9,4.55,2.16
191602,18.5,4.0,35.4,23.7,26.9,13.9,3.86,3.17
191603,25.5,6.5,44.6,30.8,35.1,18.7,3.12,2.37
191604,29.8,29.4,54.5,50.3,42.2,39.8,1.42,2.69
191605,31.8,40.4,56.3,62.6,44.1,51.5,1.73,3.71
191606,39.3,47.7,68.3,67.6,53.8,57.7,1.6,4.87
191607,48.3,57.6,79.1,80.0,63.7,68.8,1.37,3.56
191608,45.6,52.9,78.3,78.3,62.0,65.6,0.81,2.88
191609,38.9,44.2,69.1,67.6,54.0,55.9,0.83,5.33
191610,28.6,32.6,52.3,58.2,40.4,45.4,1.75,2.09
191611,16.4,21.0,36.8,39.3,26.6,30.2,1.96,3.45
191612,10.9,10.0,26.4,26.8,18.6,18.4,3.33,2.51
191701,6.4,3.9,24.0,25.2,15.2,14.5,2.3,3.02
191702,13.8,-1.0,31.1,23.1,22.5,11.0,3.35,1.73
191703,13.0,15.7,31.3,35.7,22.2,25.7,2.43,2.54
191704,27.2,28.1,44.7,45.8,36.0,37.0,2.6,2.19
191705,35.2,34.4,57.0,53.9,46.1,44.2,2.75,2.96
191706,39.2,49.5,68.4,70.8,53.8,60.2,0.68,5.39
191707,50.2,55.7,84.0,78.8,67.1,67.2,0.35,3.4
191708,45.9,54.4,80.3,76.7,63.1,65.6,0.19,5.26
191709,41.6,40.5,72.3,66.1,57.0,53.3,1.83,1.92
191710,30.1,32.6,58.8,50.8,44.5,41.7,0.26,6.6
191711,26.1,17.5,46.7,36.4,36.4,27.0,1.98,0.92
191712,27.7,-3.5,40.5,19.0,34.1,7.8,4.92,2.41
191801,19.5,-6.0,33.5,16.2,26.5,5.1,3.59,2.5
191802,15.0,-0.9,34.0,25.4,24.5,12.2,2.48,2.48
191803,24.4,13.3,45.6,38.2,35.0,25.7,2.29,2.01
191804,26.8,27.5,52.0,53.0,39.4,40.3,1.09,1.99
191805,33.6,44.8,59.9,69.6,46.8,57.2,1.43,3.67
191806,47.6,45.1,79.1,69.5,63.4,57.3,1.07,4.02
191807,49.8,54.6,80.6,78.2,65.2,66.4,1.11,3.04
191808,45.3,51.4,73.8,77.0,59.5,64.2,1.3,3.41
191809,42.9,42.5,71.0,61.8,57.0,52.1,1.7,7.41
191810,35.9,35.6,56.1,56.8,46.0,46.2,2.61,5.39
191811,21.7,25.4,39.2,42.0,30.4,33.7,1.36,3.15
191812,15.0,14.2,31.8,31.0,23.4,22.6,1.27,2.59
191901,13.4,10.0,34.1,29.1,23.8,19.5,1.87,1.98
191902,17.8,8.6,33.5,29.3,25.7,18.9,4.03,1.76
191903,22.4,18.9,42.0,39.7,32.2,29.3,2.2,3.78
191904,30.3,28.2,55.0,49.1,42.6,38.6,1.72,2.54
191905,36.1,41.0,65.0,63.8,50.5,52.4,0.97,4.54
191906,41.7,51.3,75.2,77.7,58.5,64.5,0.07,3.08
191907,49.1,54.0,84.6,79.5,66.9,66.8,0.27,2.77
191908,48.7,50.0,81.4,72.6,65.0,61.3,0.35,3.96
191909,41.0,44.7,69.4,67.2,55.2,56.0,1.29,4.54
191910,28.0,35.1,47.0,55.7,37.5,45.4,2.01,4.72
191911,19.6,24.1,36.6,39.6,28.1,31.9,2.86,4.07
191912,6.9,3.9,25.6,24.9,16.3,14.4,2.43,1.45
192001,13.8,-7.1,31.5,18.2,22.6,5.5,1.84,1.96
192002,17.6,3.8,38.2,25.8,27.9,14.8,0.81,3.33
192003,21.9,15.6,39.9,39.8,30.9,27.7,2.95,3.65
192004,27.2,27.2,45.9,46.3,36.5,36.8,2.72,6.22
192005,34.3,36.8,59.5,63.4,46.9,50.1,1.42,1.92
192006,40.8,48.8,69.0,72.7,54.9,60.8,1.32,3.46
192007,50.1,52.2,83.2,75.2,66.7,63.7,0.44,4.96
192008,47.7,54.5,79.4,78.1,63.6,66.3,1.11,3.27
192009,41.3,46.4,67.3,69.0,54.3,57.7,1.83,5.31
192010,32.0,38.8,49.6,62.2,40.8,50.5,3.16,2.79
192011,24.0,22.8,37.6,37.1,30.8,30.0,2.84,4.51
192012,19.1,15.4,31.6,30.1,25.3,22.8,3.43,5.46
192101,17.5,7.6,32.2,28.4,24.9,18.0,3.59,1.24
192102,17.7,8.6,35.6,30.6,26.7,19.5,2.26,2.05
192103,25.7,23.9,44.9,46.0,35.3,35.0,2.36,3.33
192104,28.0,33.7,48.4,59.0,38.2,46.4,2.89,3.14
192105,37.8,39.9,61.2,68.5,49.6,54.2,3.43,1.74
192106,45.7,47.1,72.7,74.7,59.2,60.9,1.18,2.85
192107,48.4,59.5,81.8,83.0,65.1,71.3,0.43,4.22
192108,48.0,50.0,79.6,74.6,63.8,62.3,0.68,3.33
192109,35.9,45.7,63.4,72.0,49.6,58.8,1.02,2.21
192110,31.9,33.5,61.6,57.0,46.7,45.2,0.99,3.33
192111,24.9,23.0,44.3,36.8,34.6,29.9,3.86,5.56
192112,17.0,6.9,33.2,26.8,25.1,16.9,2.99,1.97
192201,4.2,-1.0,22.9,23.1,13.5,11.0,2.38,2.11
192202,10.4,5.9,29.2,28.9,19.8,17.4,2.49,2.92
192203,16.9,17.9,36.0,38.8,26.4,28.3,2.67,4.11
192204,25.4,28.4,46.0,50.9,35.7,39.6,2.6,4.04
192205,35.0,39.9,60.6,67.5,47.8,53.7,1.57,3.06
192206,44.7,52.5,76.4,72.7,60.6,62.6,1.29,8.92
192207,48.8,53.7,81.8,77.5,65.3,65.6,0.68,2.33
192208,51.5,52.0,79.6,75.0,65.5,63.5,1.82,4.82
192209,40.8,45.6,74.0,70.3,57.4,58.0,0.37,2.06
192210,32.7,34.4,60.2,55.5,46.5,45.0,0.86,2.37
192211,20.4,25.4,38.6,40.7,29.5,33.0,1.3,1.61
192212,13.8,8.2,28.8,28.5,21.3,18.4,4.24,2.44
192301,18.1,-0.9,33.4,21.9,25.8,10.5,3.83,4.36
192302,8.7,-4.2,30.6,21.2,19.6,8.5,1.15,1.49
192303,18.1,8.8,39.6,33.1,28.8,20.9,1.54,2.34
192304,28.6,26.5,51.2,49.0,39.9,37.7,2.69,4.32
192305,37.2,35.9,60.7,63.0,49.0,49.5,2.44,2.48
192306,42.3,48.3,65.4,74.5,53.8,61.4,3.26,2.9
192307,51.6,50.2,82.0,75.5,66.8,62.9,1.2,3.46
192308,48.1,48.1,78.5,74.1,63.3,61.1,1.17,2.2
192309,41.5,46.6,72.2,68.3,56.9,57.5,0.85,3.56
192310,31.8,33.4,51.9,57.1,41.8,45.2,3.06,4.31
192311,23.4,23.6,44.8,42.7,34.1,33.2,1.73,4.23
192312,14.0,20.2,31.1,36.4,22.5,28.3,2.66,3.23
192401,8.4,5.8,26.9,28.8,17.6,17.3,1.61,3.72
192402,23.9,-2.6,41.0,22.6,32.4,10.0,2.33,2.22
192403,20.0,19.0,39.5,36.4,29.8,27.7,1.36,1.05
192404,28.0,27.3,52.4,48.0,40.2,37.6,0.78,4.75
192405,37.2,37.3,69.5,58.8,53.3,48.1,0.35,3.61
192406,41.0,45.4,72.6,72.2,56.8,58.8,0.71,2.68
192407,47.9,52.5,81.4,77.3,64.6,64.9,0.67,3.86
192408,45.3,51.3,79.1,74.7,62.2,63.0,0.54,3.97
192409,39.1,42.6,70.4,65.0,54.7,53.8,0.76,6.84
192410,32.7,32.6,54.0,58.2,43.4,45.4,2.65,0.71
192411,22.0,23.7,39.1,43.8,30.5,33.7,2.86,3.43
192412,7.5,7.3,24.4,26.2,15.9,16.8,3.08,1.73
192501,17.0,-2.4,31.2,22.4,24.1,10.0,3.76,3.22
192502,23.7,12.7,39.2,35.0,31.5,23.8,3.28,3.01
192503,24.4,21.6,44.8,41.7,34.6,31.6,2.12,3.92
192504,31.5,28.5,55.1,52.2,43.3,40.4,2.55,2.24
192505,39.1,36.2,65.9,59.5,52.5,47.9,1.76,2.65
192506,43.6,51.3,70.0,74.6,56.8,62.9,2.02,5.47
192507,51.2,52.5,84.2,74.4,67.7,63.4,1.01,5.33
192508,46.2,50.3,77.5,76.0,61.8,63.2,1.3,2.35
192509,41.6,45.0,67.6,66.1,54.6,55.5,1.94,5.83
192510,29.9,28.5,53.3,46.7,41.6,37.6,1.8,4.66
192511,23.1,22.4,40.1,41.6,31.6,32.0,1.71,3.88
192512,23.0,12.4,35.0,28.2,29.0,20.3,2.82,1.92
192601,13.4,6.4,29.8,26.8,21.6,16.6,1.9,2.53
192602,23.7,1.6,39.5,24.2,31.6,12.9,3.37,2.98
192603,23.7,7.7,48.1,31.1,35.9,19.4,1.07,2.32
192604,32.8,23.5,60.3,43.0,46.5,33.2,1.47,3.09
192605,37.3,35.7,63.4,62.2,50.4,48.9,1.58,1.42
192606,44.4,44.4,76.0,68.9,60.2,56.6,0.86,4.16
192607,50.4,51.2,83.2,76.8,66.8,64.0,0.77,4.35
192608,48.5,52.5,78.7,73.5,63.6,63.0,1.6,3.78
192609,34.7,43.7,63.6,65.6,49.2,54.6,1.14,3.12
192610,31.9,33.0,58.3,52.3,45.1,42.6,1.1,5.39
192611,28.2,23.6,43.5,41.3,35.8,32.5,5.39,3.87
192612,16.6,4.2,30.1,24.1,23.4,14.1,2.54,1.8
192701,15.8,5.2,31.3,26.1,23.5,15.6,2.88,2.29
192702,20.7,10.1,35.4,30.2,28.1,20.1,4.21,2.86
192703,22.5,18.8,42.0,41.5,32.2,30.1,1.69,1.43
192704,27.8,26.6,50.5,51.7,39.2,39.1,1.66,1.28
192705,35.8,38.1,56.4,59.3,46.1,48.7,2.98,3.86
192706,44.1,43.6,71.3,69.1,57.7,56.4,1.28,2.09
192707,48.7,53.9,82.0,76.4,65.4,65.2,0.33,4.33
192708,47.3,48.9,77.2,71.5,62.3,60.2,0.97,4.4
192709,40.4,43.8,64.6,68.1,52.5,56.0,2.74,1.67
192710,33.5,36.9,57.2,58.8,45.3,47.9,2.33,5.91
192711,29.6,27.9,42.1,45.6,35.9,36.8,6.55,10.61
192712,8.9,13.8,26.7,31.2,17.8,22.5,2.53,4.96
192801,16.3,8.2,31.0,27.6,23.6,17.9,2.55,2.99
192802,14.8,5.5,34.6,27.6,24.7,16.5,0.78,2.46
192803,24.5,14.9,44.6,34.6,34.5,24.8,3.51,2.61
192804,27.4,26.5,49.1,46.7,38.3,36.6,1.65,3.36
192805,39.6,39.0,69.1,62.2,54.4,50.6,0.74,3.98
192806,41.4,47.8,67.0,68.9,54.2,58.4,1.34,4.58
192807,50.2,55.3,81.6,77.7,65.9,66.5,0.61,3.68
192808,44.8,56.6,78.5,77.0,61.7,66.8,0.38,4.84
192809,38.5,41.9,72.6,63.8,55.5,52.9,0.44,3.61
192810,31.7,34.8,55.9,57.5,43.8,46.2,1.65,2.79
192811,23.8,23.8,40.5,42.0,32.1,32.9,1.95,2.56
192812,10.3,17.3,28.5,33.5,19.4,25.4,2.32,1.57
192901,3.9,3.9,23.2,24.9,13.5,14.4,3.04,3.08
192902,6.5,4.9,26.6,27.7,16.5,16.3,1.53,2.72
192903,22.7,19.8,41.9,39.8,32.3,29.8,2.1,3.67
192904,27.0,29.4,47.7,49.7,37.3,39.5,2.32,5.38
192905,34.2,38.5,62.2,65.4,48.2,51.9,0.72,3.91
192906,41.5,49.7,69.3,73.5,55.4,61.6,1.75,4.71
192907,48.6,50.8,82.8,77.4,65.8,64.1,0.22,2.28
192908,49.6,48.1,84.0,72.5,66.8,60.3,0.54,3.03
192909,36.6,45.8,65.3,70.2,51.0,58.0,0.7,3.02
192910,30.0,32.5,59.3,54.5,44.6,43.5,1.01,2.78
192911,16.3,24.8,40.9,41.1,28.6,33.0,0.31,2.65
192912,21.8,10.3,38.1,27.4,29.9,18.9,4.32,3.37
193001,0.2,6.8,20.5,28.0,10.4,17.4,2.13,2.89
193002,24.2,6.8,40.1,31.0,32.1,18.9,2.99,1.16
193003,23.3,17.0,44.4,36.3,33.8,26.7,1.85,4.43
193004,33.3,25.2,59.8,50.2,46.6,37.7,2.13,1.54
193005,35.8,41.5,60.1,65.7,48.0,53.6,2.43,4.63
193006,40.4,53.4,70.8,77.5,55.6,65.5,1.02,5.04
193007,50.7,52.5,83.1,76.3,66.9,64.4,0.51,4.45
193008,51.3,50.0,79.6,74.2,65.5,62.1,1.62,2.58
193009,40.8,46.6,69.0,70.7,54.9,58.7,1.56,2.54
193010,31.1,32.8,51.9,56.6,41.5,44.7,2.29,2.13
193011,15.6,25.7,38.2,44.1,26.9,34.9,1.98,2.77
193012,7.8,13.6,25.8,30.3,16.8,21.9,0.89,1.5
193101,13.4,2.6,31.1,25.5,22.2,14.1,1.71,2.24
193102,15.9,4.9,35.8,28.5,25.8,16.7,1.41,1.65
193103,22.0,20.3,42.4,39.2,32.2,29.8,2.96,2.5
193104,28.6,30.0,54.3,54.4,41.5,42.2,1.25,2.76
193105,36.3,40.5,66.2,65.5,51.3,53.0,0.91,4.28
193106,44.7,48.6,74.5,73.2,59.6,60.9,0.77,4.51
193107,50.6,57.7,85.4,80.1,68.0,68.9,0.43,7.08
193108,48.2,51.2,82.4,74.6,65.3,62.9,0.27,2.63
193109,40.9,48.2,68.3,69.7,54.6,58.9,1.33,5.44
193110,31.7,36.7,57.1,59.3,44.4,48.0,1.57,3.01
193111,16.8,30.2,36.8,48.1,26.8,39.2,2.34,1.92
193112,11.6,14.0,28.1,32.8,19.8,23.4,3.66,3.2
193201,9.0,18.4,25.7,35.5,17.3,27.0,2.41,3.98
193202,10.8,8.9,31.1,28.9,21.0,18.9,2.14,1.91
193203,21.8,13.5,38.1,32.2,30.0,22.8,3.82,3.34
193204,29.6,27.4,52.2,48.1,40.9,37.7,2.26,3.13
193205,37.7,38.5,61.2,66.5,49.5,52.5,2.67,2.12
193206,44.0,47.4,70.7,72.9,57.4,60.2,1.66,2.72
193207,48.2,51.5,79.9,74.5,64.1,63.0,1.27,5.74
193208,45.8,52.4,78.6,76.9,62.2,64.6,0.79,3.88
193209,37.6,45.0,72.3,69.5,55.0,57.2,0.19,3.16
193210,30.2,38.0,54.2,57.4,42.2,47.7,1.48,4.42
193211,25.4,20.2,43.8,40.2,34.6,30.2,2.92,5.86
193212,7.2,15.7,25.8,35.2,16.5,25.5,2.6,1.62
193301,13.7,16.4,30.0,35.6,21.9,26.0,3.6,2.05
193302,4.6,12.0,24.8,31.3,14.7,21.6,2.53,2.94
193303,20.8,15.2,40.6,33.4,30.6,24.3,1.5,3.65
193304,26.8,30.8,51.3,50.3,39.1,40.6,1.25,5.57
193305,33.4,40.6,56.2,67.6,44.8,54.1,2.2,2.62
193306,45.5,49.9,75.8,76.3,60.7,63.1,0.97,2.05
193307,50.2,53.4,84.6,79.2,67.4,66.3,0.23,2.86
193308,47.1,51.8,79.8,75.4,63.5,63.6,0.49,5.67
193309,38.3,46.2,68.2,68.7,53.2,57.4,1.03,3.15
193310,32.9,32.9,62.4,54.2,47.6,43.6,2.28,3.36
193311,23.7,15.4,45.5,35.8,34.6,25.6,1.05,2.18
193312,24.6,4.1,39.3,24.4,32.0,14.2,5.29,3.27
193401,23.7,4.4,37.7,26.5,30.7,15.5,2.65,3.34
193402,25.5,-10.9,45.4,17.8,35.5,3.4,1.51,1.86
193403,28.7,12.4,53.7,36.0,41.2,24.2,2.41,2.37
193404,34.1,30.2,63.1,52.3,48.6,41.2,0.98,4.66
193405,40.1,39.4,71.0,68.4,55.5,53.9,0.65,1.97
193406,42.9,49.9,71.1,75.5,57.0,62.7,1.72,4.67
193407,49.8,53.5,84.0,80.0,66.9,66.7,0.28,3.39
193408,48.5,47.4,83.3,73.4,65.9,60.5,0.35,2.0
193409,38.0,50.8,67.6,70.3,52.8,60.5,0.78,5.32
193410,34.2,32.2,59.0,51.9,46.6,42.0,2.37,2.03
193411,28.4,28.3,45.4,43.6,36.9,35.9,2.97,3.68
193412,18.5,6.1,32.4,25.8,25.4,15.9,2.69,3.16
193501,14.6,-1.8,32.2,21.9,23.4,10.1,2.48,5.21
193502,16.2,3.1,36.2,27.0,26.2,15.0,1.05,2.14
193503,21.0,16.4,39.6,38.1,30.3,27.2,2.35,1.54
193504,28.6,29.0,50.0,49.1,39.3,39.0,2.91,2.82
193505,34.4,35.2,59.8,59.9,47.1,47.6,1.72,2.68
193506,42.2,50.2,71.6,72.2,56.9,61.2,0.56,5.99
193507,48.5,56.2,82.2,80.3,65.3,68.2,0.39,5.27
193508,45.9,52.0,80.6,76.6,63.3,64.4,0.25,2.92
193509,40.4,42.3,74.6,64.5,57.5,53.4,0.21,4.37
193510,30.0,32.5,56.4,58.4,43.2,45.5,1.27,1.65
193511,17.8,28.3,34.2,44.2,26.0,36.2,1.3,4.8
193512,14.8,8.3,31.1,23.1,23.0,15.7,1.68,1.3
193601,14.2,3.2,29.2,22.6,21.7,12.9,5.26,4.81
193602,9.9,-1.6,27.3,21.7,18.6,10.1,4.07,1.99
193603,20.0,23.9,39.7,43.9,29.8,33.9,1.82,6.61
193604,30.4,29.9,55.7,46.2,43.1,38.0,1.49,4.69
193605,39.2,42.2,68.8,68.2,54.0,55.2,1.13,3.59
193606,46.6,49.0,73.0,74.5,59.8,61.7,2.58,2.33
193607,52.7,51.7,84.9,76.9,68.8,64.3,0.93,3.79
193608,49.0,50.4,80.9,75.0,65.0,62.7,0.98,4.58
193609,37.8,44.7,69.8,68.6,53.8,56.7,0.72,2.97
193610,30.5,33.8,60.7,55.8,45.6,44.8,0.41,5.54
193611,15.7,18.4,42.4,37.5,29.0,27.9,0.24,2.88
193612,18.0,12.0,34.0,32.8,26.0,22.4,2.08,4.15
193701,-3.4,15.1,16.0,35.0,6.3,25.0,2.46,3.97
193702,11.7,12.3,31.2,31.9,21.4,22.1,3.28,2.81
193703,22.3,11.6,42.7,31.3,32.5,21.4,1.87,2.99
193704,28.0,27.8,48.6,49.0,38.3,38.4,2.64,2.82
193705,36.6,40.8,66.6,66.8,51.6,53.8,0.89,5.97
193706,42.1,49.7,70.0,73.4,56.1,61.5,1.69,4.73
193707,51.7,55.2,83.0,79.5,67.3,67.4,1.15,3.92
193708,45.7,57.2,80.0,80.2,62.8,68.7,0.27,3.96
193709,41.8,43.8,73.5,68.3,57.6,56.1,0.72,2.45
193710,33.2,33.5,60.6,54.7,46.9,44.1,1.37,4.76
193711,26.8,25.2,43.1,41.2,35.0,33.2,3.55,4.0
193712,20.9,10.1,35.2,27.7,28.0,18.9,4.29,2.81
193801,17.4,2.5,33.5,24.9,25.4,13.7,2.34,3.46
193802,20.4,10.1,36.9,29.8,28.6,19.9,3.07,2.51
193803,23.7,17.8,40.0,39.9,31.9,28.9,4.7,2.15
193804,30.2,31.5,53.4,54.5,41.8,43.0,1.73,2.65
193805,36.1,38.6,60.0,63.2,48.0,50.9,2.1,2.92
193806,44.1,49.3,72.8,76.8,58.4,63.0,1.77,3.08
193807,50.5,56.3,79.8,76.8,65.2,66.6,1.58,6.68
193808,46.5,55.0,78.8,78.2,62.6,66.6,0.56,4.71
193809,44.3,41.6,76.1,64.2,60.2,52.9,0.52,9.0
193810,35.4,35.2,55.8,60.1,45.6,47.6,3.55,1.78
193811,18.3,24.3,35.3,45.4,26.8,34.9,2.38,2.82
193812,18.8,14.6,34.5,30.6,26.6,22.6,1.63,4.22
193901,17.8,4.8,33.6,25.3,25.7,15.1,2.14,2.7
193902,11.0,5.5,30.0,30.3,20.5,17.9,2.5,3.49
193903,22.3,10.9,44.9,32.3,33.6,21.6,1.71,2.94
193904,30.4,26.5,57.9,44.4,44.2,35.4,0.9,4.74
193905,38.2,39.1,66.9,65.9,52.5,52.5,1.1,2.67
193906,40.6,48.4,67.7,73.5,54.1,61.0,1.32,4.22
193907,50.2,53.1,82.2,78.5,66.2,65.8,0.8,2.76
193908,47.3,54.6,82.6,79.9,64.9,67.2,0.29,3.45
193909,40.8,43.1,71.3,68.7,56.0,55.9,1.1,3.41
193910,33.0,34.2,56.1,55.3,44.6,44.7,1.69,4.03
193911,21.0,19.4,48.3,38.4,34.6,28.9,0.33,1.49
193912,23.2,12.6,40.4,28.3,31.8,20.4,2.88,2.78
194001,16.4,-1.9,31.2,18.4,23.8,8.3,3.54,1.25
194002,22.6,3.6,37.7,26.1,30.1,14.8,4.81,2.41
194003,25.9,12.4,47.5,32.0,36.7,22.2,3.13,4.34
194004,31.8,26.4,53.8,45.2,42.8,35.8,2.74,3.83
194005,38.0,41.5,68.7,64.8,53.4,53.2,0.52,6.18
194006,45.0,48.9,77.4,71.2,61.2,60.1,0.79,3.7
194007,50.5,53.3,82.9,77.8,66.7,65.6,0.81,4.06
194008,47.8,49.6,83.3,75.1,65.6,62.4,0.15,1.85
194009,45.6,43.7,67.8,66.0,56.7,54.8,3.82,5.22
194010,35.9,29.7,57.5,52.8,46.7,41.2,2.68,1.65
194011,19.8,25.0,35.5,40.2,27.7,32.6,2.61,5.38
194012,19.3,10.2,35.8,30.6,27.6,20.4,2.31,3.67
194101,16.3,1.7,33.4,22.2,24.8,11.9,1.95,1.73
194102,20.0,7.9,39.8,27.1,29.9,17.5,1.78,1.67
194103,24.3,11.2,48.6,31.7,36.4,21.4,1.07,2.13
194104,29.7,31.5,53.7,59.2,41.7,45.3,2.26,0.73
194105,38.7,38.5,63.1,66.9,50.9,52.7,3.12,2.52
194106,44.1,49.5,68.4,75.6,56.2,62.6,2.8,3.47
194107,51.4,54.8,81.7,79.2,66.5,67.0,0.94,5.62
194108,50.0,48.0,76.0,73.5,63.0,60.7,1.97,2.84
194109,38.5,42.5,61.8,71.3,50.1,56.9,1.57,2.27
194110,32.2,33.8,53.9,54.9,43.0,44.4,1.92,3.96
194111,24.4,25.8,43.5,45.2,33.9,35.5,2.54,2.9
194112,20.4,13.5,34.2,32.4,27.3,23.0,4.58,2.88
194201,8.0,4.7,26.2,25.8,17.1,15.2,2.19,2.0
194202,10.9,4.2,31.1,23.8,21.0,14.0,2.26,2.33
194203,18.3,24.0,40.9,40.8,29.6,32.4,0.97,4.51
194204,30.4,31.3,56.0,54.4,43.2,42.8,1.99,3.05
194205,35.1,44.6,56.7,68.2,45.9,56.4,3.96,3.38
194206,40.4,50.6,66.6,73.4,53.5,62.0,1.61,5.04
194207,49.7,53.9,83.2,76.9,66.4,65.4,0.52,2.85
194208,47.1,51.5,81.3,75.2,64.2,63.3,0.26,2.31
194209,39.9,44.4,71.9,69.6,55.9,57.0,0.61,4.91
194210,32.6,34.0,58.3,59.4,45.4,46.7,1.44,3.47
194211,23.4,23.1,39.3,42.3,31.4,32.7,5.44,3.92
194212,19.4,7.2,32.4,24.9,25.9,16.1,4.22,3.7
194301,12.6,0.3,28.8,21.3,20.7,10.8,4.11,1.77
194302,16.1,5.9,37.1,28.5,26.6,17.2,1.98,2.31
194303,17.3,15.1,39.7,34.1,28.5,24.6,2.43,2.22
194304,33.1,23.3,58.3,43.8,45.7,33.5,2.06,3.08
194305,34.5,40.4,58.7,62.6,46.6,51.5,1.59,5.2
194306,40.4,51.8,65.3,76.0,52.8,63.9,2.27,4.98
194307,48.4,54.1,81.0,78.2,64.7,66.1,0.75,4.68
194308,46.2,52.6,79.2,73.0,62.7,62.8,0.58,5.59
194309,40.5,43.0,75.2,66.3,57.8,54.6,0.18,2.47
194310,34.6,35.7,57.7,55.2,46.2,45.4,2.63,4.86
194311,23.3,22.7,42.9,40.1,33.2,31.4,1.2,5.1
194312,16.8,3.4,34.0,25.7,25.4,14.6,1.31,1.04
194401,8.4,6.7,29.6,27.4,19.0,17.0,1.2,1.85
194402,17.3,2.6,34.9,27.0,26.1,14.8,2.24,2.72
194403,18.1,11.6,39.7,33.5,28.9,22.6,1.52,2.84
194404,29.4,25.3,51.2,45.9,40.3,35.6,2.88,3.55
194405,36.9,43.2,63.6,71.9,50.2,57.5,1.55,2.02
194406,41.7,49.6,65.7,73.3,53.7,61.4,3.99,5.08
194407,47.3,54.3,79.6,79.7,63.4,67.0,0.57,4.21
194408,44.5,53.5,78.6,80.4,61.6,66.9,0.39,1.9
194409,40.4,47.5,71.2,68.4,55.8,58.0,0.91,5.23
194410,33.6,32.2,64.0,55.2,48.8,43.7,0.81,3.41
194411,23.5,25.2,36.6,40.6,30.1,32.9,2.99,2.42
194412,13.8,6.2,30.6,26.3,22.2,16.2,1.73,2.51
194501,17.4,-3.3,33.1,19.5,25.2,8.1,1.9,3.95
194502,21.4,8.2,37.3,28.5,29.3,18.3,3.08,2.7
194503,21.7,24.5,41.1,48.5,31.4,36.5,2.82,2.04
194504,26.2,33.7,48.5,58.0,37.4,45.9,1.51,5.29
194505,36.9,39.3,61.6,59.2,49.3,49.3,3.28,6.59
194506,41.0,49.0,65.2,72.5,53.1,60.8,2.57,4.43
194507,48.5,54.6,82.6,77.3,65.6,66.0,0.45,6.23
194508,47.7,52.0,80.9,76.3,64.3,64.1,0.94,1.86
194509,38.4,48.0,65.9,70.2,52.2,59.1,1.75,7.25
194510,33.2,33.1,61.0,53.9,47.1,43.5,1.25,5.36
194511,23.3,25.5,37.7,42.4,30.5,34.0,3.48,4.63
194512,15.4,6.7,30.3,24.7,22.9,15.7,3.6,2.39
194601,13.0,4.8,31.1,25.9,22.1,15.3,2.42,2.58
194602,15.3,1.0,34.8,25.9,25.0,13.5,2.24,2.84
194603,25.0,23.5,44.5,51.7,34.8,37.6,3.14,1.53
194604,30.4,28.2,57.5,49.7,44.0,39.0,1.12,2.47
194605,35.9,38.6,62.3,62.6,49.1,50.6,2.04,4.88
194606,42.6,47.4,70.7,74.0,56.7,60.7,1.24,3.23
194607,50.5,51.9,82.1,77.9,66.3,64.9,0.83,3.63
194608,47.8,49.8,80.8,71.7,64.3,60.8,0.85,5.05
194609,39.1,45.1,67.7,72.4,53.4,58.7,1.47,4.16
194610,29.7,34.8,47.6,62.2,38.6,48.5,3.45,3.93
194611,22.7,27.9,37.8,44.8,30.2,36.4,4.59,3.05
194612,21.8,12.9,36.0,31.6,28.9,22.3,3.12,4.21
194701,8.4,6.6,27.6,29.5,18.0,18.1,1.97,3.92
194702,20.3,5.1,40.2,25.1,30.2,15.1,1.46,2.34
194703,25.2,17.2,47.6,36.2,36.4,26.7,2.21,3.3
194704,29.3,27.2,53.4,48.3,41.4,37.8,1.4,2.3
194705,39.3,40.1,67.5,62.6,53.4,51.4,1.75,6.17
194706,41.9,48.0,64.9,71.8,53.4,59.9,2.83,6.61
194707,48.7,57.2,83.4,79.2,66.1,68.2,0.24,6.42
194708,46.9,55.9,79.0,80.1,62.9,68.0,0.71,2.22
194709,40.6,44.9,69.8,70.8,55.2,57.9,1.63,2.21
194710,36.5,37.3,57.5,66.5,47.0,51.9,3.14,1.13
194711,22.4,21.6,35.6,39.0,29.0,30.3,2.89,4.66
194712,18.8,6.1,32.8,25.3,25.8,15.7,1.88,1.96
194801,14.2,-1.2,33.0,21.2,23.6,10.0,2.6,2.48
194802,16.6,-2.2,35.2,26.4,25.9,12.1,2.73,2.22
194803,19.2,12.5,38.8,39.5,29.0,26.0,2.18,3.1
194804,29.0,29.5,50.5,53.6,39.7,41.5,2.58,3.21
194805,36.7,40.1,61.6,60.2,49.2,50.1,2.95,5.02
194806,46.2,47.5,71.9,71.4,59.1,59.4,2.73,3.85
194807,47.7,53.5,78.2,78.8,62.9,66.2,1.13,3.86
194808,46.5,53.5,78.1,77.0,62.3,65.3,0.52,3.86
194809,39.7,42.9,70.3,71.4,55.0,57.2,1.33,1.14
194810,30.7,31.8,58.1,55.8,44.4,43.8,1.0,2.61
194811,21.7,31.6,36.1,48.5,28.9,40.1,3.5,6.12
194812,8.5,16.1,25.3,33.1,16.9,24.6,3.92,4.46
194901,-6.4,14.2,15.9,31.5,4.7,22.8,1.6,3.39
194902,11.7,11.3,31.1,32.9,21.4,22.1,3.83,2.74
194903,23.7,18.3,42.8,39.2,33.2,28.7,1.46,2.33
194904,29.8,31.1,59.4,53.4,44.6,42.2,0.74,3.27
194905,39.4,39.6,65.4,66.7,52.4,53.2,2.69,3.07
194906,42.0,53.2,71.0,79.4,56.5,66.3,0.9,2.25
194907,47.9,56.2,81.5,82.0,64.7,69.1,0.35,4.09
194908,48.2,52.7,81.6,78.7,64.9,65.7,0.47,4.42
194909,41.3,44.7,72.7,64.8,57.0,54.8,1.11,3.78
194910,28.2,36.6,50.5,62.8,39.4,49.7,1.98,2.35
194911,26.6,21.6,48.7,39.1,37.6,30.4,2.59,3.06
194912,15.8,14.8,32.4,33.4,24.1,24.1,2.3,2.75
195001,8.6,13.5,24.9,34.1,16.8,23.8,4.8,4.18
195002,17.2,4.2,36.4,25.3,26.8,14.7,2.56,2.86
195003,22.2,9.0,39.6,32.8,30.9,20.9,3.74,3.54
195004,27.3,26.7,51.1,47.7,39.2,37.3,1.3,2.62
195005,32.6,40.2,59.6,65.4,46.1,52.8,1.05,2.03
195006,41.2,49.2,69.1,75.2,55.2,62.2,2.08,4.08
195007,48.4,52.6,79.1,77.7,63.8,65.2,0.83,3.12
195008,46.6,50.6,79.4,74.8,63.0,62.7,0.79,4.97
195009,41.2,41.8,68.5,63.0,54.9,52.4,1.53,2.89
195010,35.6,36.3,58.0,58.4,46.8,47.4,2.76,2.42
195011,25.7,27.9,41.6,46.8,33.7,37.4,2.93,5.47
195012,23.6,15.3,36.2,30.3,29.9,22.8,3.07,3.63
195101,12.7,9.7,29.2,29.6,21.0,19.6,3.13,2.49
195102,18.6,11.2,36.5,31.3,27.5,21.2,3.3,4.66
195103,17.8,21.4,38.2,37.0,28.0,29.2,2.17,4.04
195104,28.4,32.7,56.2,50.8,42.3,41.8,1.49,4.37
195105,37.2,39.6,62.2,65.8,49.7,52.7,1.6,2.6
195106,39.5,48.8,67.0,71.8,53.3,60.3,1.12,3.4
195107,49.1,54.7,82.4,77.0,65.8,65.8,0.84,5.54
195108,47.5,51.6,77.0,73.0,62.2,62.3,1.64,3.43
195109,39.1,44.7,70.7,67.7,54.9,56.2,0.44,3.6
195110,32.2,35.8,51.1,58.1,41.7,46.9,3.51,3.29
195111,20.7,19.9,38.8,37.9,29.8,28.9,2.37,4.94
195112,12.9,11.2,27.2,31.0,20.0,21.1,4.53,4.23
195201,10.8,8.3,26.9,29.0,18.8,18.6,3.05,3.09
195202,10.6,11.3,31.5,30.4,21.1,20.9,2.39,3.18
195203,17.2,19.5,36.0,36.0,26.6,27.8,2.16,2.66
195204,28.9,31.7,56.7,54.1,42.8,42.9,0.93,3.6
195205,37.7,37.2,63.5,60.1,50.6,48.6,2.06,4.31
195206,43.0,50.0,70.1,74.4,56.6,62.2,2.45,6.52
195207,47.6,55.5,79.8,81.8,63.7,68.6,0.77,2.89
195208,47.4,52.2,80.1,76.6,63.8,64.4,0.4,3.01
195209,40.5,45.9,74.8,69.4,57.7,57.6,0.33,3.56
195210,30.6,31.4,65.3,53.3,48.0,42.3,0.13,2.86
195211,15.2,27.0,37.9,43.5,26.6,35.2,1.02,1.9
195212,18.6,15.6,32.2,32.2,25.4,23.9,2.7,4.99
195301,27.4,12.2,39.7,32.0,33.6,22.1,5.63,3.96
195302,19.8,13.4,38.5,32.1,29.1,22.8,2.4,2.42
195303,23.2,21.5,45.4,40.0,34.3,30.8,1.77,5.22
195304,27.4,32.4,50.3,50.4,38.9,41.4,2.28,4.45
195305,33.1,42.8,56.7,66.4,44.9,54.6,2.99,4.92
195306,40.5,48.4,66.8,76.8,53.6,62.6,1.99,2.01
195307,48.6,54.3,83.4,79.2,66.0,66.8,0.14,2.73
195308,47.4,49.6,79.6,75.9,63.5,62.7,0.73,4.03
195309,41.0,44.3,74.4,68.8,57.7,56.6,0.24,2.91
195310,32.5,33.4,60.3,59.8,46.4,46.6,0.58,3.17
195311,27.2,28.2,46.2,48.2,36.7,38.2,2.39,2.19
195312,18.2,19.1,32.9,37.0,25.6,28.1,2.54,3.78
195401,19.0,1.0,34.0,22.4,26.5,11.7,4.26,3.28
195402,21.8,13.8,41.6,34.6,31.7,24.2,2.03,4.15
195403,19.6,17.8,40.9,36.6,30.2,27.2,2.24,4.13
195404,29.7,29.3,53.9,53.0,41.8,41.1,1.93,4.44
195405,36.8,40.3,66.2,61.3,51.5,50.8,1.13,5.43
195406,40.9,51.2,66.2,72.4,53.5,61.8,2.74,5.36
195407,49.9,51.5,82.0,74.7,66.0,63.1,0.84,3.41
195408,45.8,49.4,76.0,72.2,60.9,60.8,1.25,3.81
195409,39.3,44.8,70.0,63.5,54.6,54.2,0.7,6.41
195410,28.8,38.8,56.4,59.3,42.6,49.1,0.79,3.04
195411,25.7,26.4,47.7,42.8,36.7,34.6,1.66,5.06
195412,13.3,12.9,31.4,29.0,22.4,21.0,1.91,3.78
195501,10.0,4.2,26.5,22.6,18.2,13.4,1.71,1.16
195502,10.4,8.0,30.1,29.0,20.3,18.5,2.04,3.77
195503,15.5,17.4,35.6,34.8,25.5,26.1,2.04,4.2
195504,26.2,32.4,46.3,53.2,36.2,42.8,2.75,2.82
195505,34.4,43.0,59.1,69.4,46.8,56.2,2.0,2.74
195506,42.3,49.9,70.5,74.2,56.4,62.0,1.86,3.63
195507,49.3,55.8,77.7,83.1,63.5,69.5,1.29,2.35
195508,47.4,56.0,82.5,79.0,64.9,67.6,0.44,7.68
195509,39.5,42.3,69.4,67.1,54.4,54.7,1.15,2.23
195510,32.1,36.5,57.5,56.9,44.8,46.7,2.15,5.33
195511,19.0,24.8,34.5,38.8,26.8,31.8,3.67,3.12
195512,18.7,4.1,32.9,22.5,25.8,13.3,6.21,1.24
195601,18.0,11.2,32.5,25.9,25.3,18.5,4.18,2.62
195602,9.6,10.5,28.5,30.3,19.1,20.4,2.08,2.69
195603,20.0,9.7,41.8,32.2,30.9,21.0,1.73,4.24
195604,29.4,27.4,54.9,45.9,42.2,36.7,1.15,3.03
195605,39.3,34.1,63.8,59.8,51.6,46.9,2.62,3.94
195606,42.1,49.0,71.4,73.9,56.8,61.4,1.38,2.67
195607,49.7,51.8,81.7,73.6,65.7,62.7,0.7,4.08
195608,45.6,50.3,77.3,74.4,61.5,62.4,0.85,2.65
195609,38.9,41.6,72.4,63.5,55.6,52.5,0.48,4.86
195610,31.8,32.3,53.2,59.2,42.5,45.8,3.44,1.68
195611,17.9,24.4,37.8,45.1,27.9,34.7,0.91,2.97
195612,16.6,15.6,33.3,32.7,25.0,24.2,2.59,3.35
195701,4.0,-3.8,23.8,21.4,13.9,8.8,2.25,2.21
195702,17.7,10.5,36.9,33.4,27.3,22.0,2.98,1.46
195703,23.9,18.4,43.1,39.3,33.5,28.8,2.97,1.53
195704,29.4,30.8,51.0,53.8,40.2,42.3,2.08,2.19
195705,40.0,39.1,61.8,64.3,50.9,51.7,4.74,3.38
195706,43.9,52.0,70.5,77.2,57.2,64.6,1.49,4.83
195707,48.0,52.6,80.9,75.8,64.5,64.2,0.38,4.85
195708,46.2,47.2,79.3,73.4,62.7,60.3,0.71,1.56
195709,39.6,45.0,73.3,69.6,56.5,57.3,0.29,3.63
195710,32.8,34.4,53.1,56.5,43.0,45.4,2.01,2.15
195711,18.6,27.7,37.1,44.8,27.8,36.2,1.69,4.1
195712,19.8,18.0,34.8,35.6,27.3,26.8,3.47,5.36
195801,14.5,9.4,31.7,27.0,23.1,18.2,2.64,5.34
195802,24.7,1.1,41.1,22.3,32.9,11.7,3.17,2.88
195803,21.1,23.7,41.0,38.6,31.0,31.1,2.04,2.15
195804,28.4,30.8,48.7,53.4,38.6,42.1,3.24,3.19
195805,40.4,37.0,71.1,60.8,55.7,48.9,1.51,3.08
195806,45.6,44.2,71.6,67.9,58.6,56.0,2.61,3.11
195807,48.8,55.1,79.8,76.1,64.3,65.6,1.01,5.49
195808,50.6,50.9,83.2,76.0,66.9,63.5,0.55,2.84
195809,40.0,45.8,69.2,66.4,54.6,56.1,0.98,4.07
195810,31.2,33.2,61.2,54.7,46.2,44.0,0.86,4.27
195811,22.5,25.6,40.3,43.5,31.4,34.5,3.66,2.87
195812,23.4,-1.2,37.7,21.4,30.5,10.1,2.95,1.39
195901,19.0,3.9,33.9,24.4,26.4,14.1,3.63,4.22
195902,19.2,-2.0,35.4,24.7,27.3,11.3,2.34,2.77
195903,21.8,13.7,43.0,36.3,32.4,25.0,1.77,2.73
195904,29.3,29.8,55.0,53.0,42.1,41.4,1.3,2.01
195905,33.6,41.8,56.8,68.6,45.2,55.2,2.72,2.04
195906,44.7,51.3,73.8,71.6,59.3,61.4,1.4,4.13
195907,48.4,55.5,83.4,81.0,65.9,68.2,0.22,1.91
195908,46.0,55.9,77.6,78.5,61.8,67.2,0.87,4.87
195909,41.4,47.9,63.4,71.5,52.4,59.7,3.49,2.49
195910,32.8,36.6,54.8,54.5,43.8,45.6,1.99,7.4
195911,18.4,24.7,42.3,41.5,30.4,33.1,1.72,6.37
195912,14.6,16.8,34.6,30.7,24.6,23.8,1.49,3.66
196001,10.3,5.6,26.8,26.0,18.6,15.8,2.03,2.81
196002,13.1,13.5,31.1,32.2,22.1,22.9,2.83,3.6
196003,21.4,11.7,42.9,30.5,32.2,21.1,2.99,2.0
196004,29.9,31.7,53.3,52.0,41.6,41.8,1.84,4.23
196005,35.0,45.1,60.2,68.8,47.6,57.0,2.1,3.47
196006,43.1,48.8,74.2,73.8,58.7,61.3,0.61,4.39
196007,51.7,51.3,86.5,75.6,69.1,63.4,0.35,4.33
196008,45.5,50.4,76.2,75.8,60.9,63.1,1.44,1.99
196009,41.5,45.9,72.9,68.2,57.2,57.0,0.71,5.38
196010,31.4,32.1,56.3,54.7,43.9,43.4,1.45,3.88
196011,24.3,28.1,39.8,45.4,32.1,36.8,4.01,2.49
196012,14.3,5.6,32.2,27.0,23.3,16.3,1.22,1.49
196101,14.4,-4.0,35.4,20.8,24.8,8.4,1.24,1.45
196102,25.5,6.1,39.4,31.0,32.5,18.5,3.4,2.67
196103,24.4,16.4,44.0,37.9,34.2,27.1,2.52,2.31
196104,28.4,30.0,51.3,46.5,39.8,38.2,1.65,4.45
196105,36.9,38.2,62.9,61.7,49.9,50.0,2.16,3.39
196106,46.6,48.6,78.9,73.1,62.8,60.8,0.9,4.11
196107,50.5,54.2,84.1,76.3,67.3,65.3,0.56,4.28
196108,52.4,53.4,83.9,74.7,68.1,64.0,0.97,3.68
196109,37.9,52.1,62.2,75.2,50.0,63.6,2.17,1.94
196110,30.9,36.7,52.9,60.0,41.9,48.3,2.51,2.17
196111,19.8,27.6,38.2,42.0,29.0,34.8,2.33,3.32
196112,15.4,15.0,29.4,29.2,22.4,22.1,2.86,2.82
196201,7.3,3.2,26.1,26.2,16.7,14.7,2.05,2.31
196202,18.4,1.2,34.3,24.6,26.3,12.9,2.8,2.98
196203,19.1,17.8,38.7,39.4,28.9,28.6,2.42,1.88
196204,30.2,28.9,57.5,51.8,43.9,40.4,1.39,4.08
196205,36.9,39.9,58.3,64.6,47.6,52.2,3.36,3.04
196206,42.3,48.6,71.1,74.9,56.7,61.8,1.2,2.47
196207,47.0,49.3,78.9,74.4,62.9,61.8,0.76,5.13
196208,46.0,52.2,77.0,74.1,61.5,63.1,0.78,3.72
196209,39.8,42.7,72.3,64.8,56.1,53.8,1.07,3.6
196210,33.6,35.2,58.0,53.7,45.8,44.5,2.55,5.64
196211,25.2,21.8,43.6,38.7,34.4,30.2,3.0,2.9
196212,20.7,6.9,36.1,28.5,28.4,17.7,1.66,2.84
196301,7.5,5.9,26.6,24.4,17.1,15.1,2.15,2.58
196302,25.8,-1.3,44.8,23.3,35.3,11.0,3.04,2.36
196303,22.9,16.4,45.0,38.0,34.0,27.2,1.95,2.89
196304,28.1,27.7,48.7,49.8,38.4,38.8,3.19,2.88
196305,38.6,37.8,63.6,64.1,51.1,51.0,2.2,3.14
196306,43.4,49.1,66.2,75.1,54.8,62.1,3.84,2.55
196307,46.7,55.1,79.5,79.0,63.1,67.0,0.3,2.94
196308,48.0,49.6,80.6,71.2,64.3,60.4,0.86,4.88
196309,46.0,38.4,73.4,65.8,59.7,52.1,1.8,2.0
196310,36.5,35.7,60.9,64.9,48.7,50.3,1.34,0.57
196311,26.0,31.8,40.6,45.5,33.3,38.6,3.6,5.73
196312,14.3,2.7,30.0,20.9,22.1,11.8,1.97,2.06
196401,12.0,8.9,28.8,28.9,20.4,18.9,3.59,3.91
196402,9.3,4.8,31.6,28.3,20.4,16.5,0.8,1.37
196403,16.2,19.6,36.0,38.9,26.2,29.2,2.73,4.21
196404,27.1,28.3,48.6,50.5,37.9,39.4,2.26,2.74
196405,35.3,42.1,60.2,69.6,47.7,55.8,1.88,3.51
196406,43.3,46.9,65.6,73.6,54.5,60.3,3.89,2.03
196407,49.5,56.0,82.2,78.9,65.9,67.5,0.86,3.37
196408,45.7,47.0,75.8,70.9,60.7,59.0,1.19,4.69
196409,37.3,41.4,66.9,66.2,52.1,53.8,0.74,1.21
196410,31.1,31.3,60.0,55.6,45.6,43.4,1.02,1.99
196411,22.6,23.7,39.0,43.2,30.8,33.4,3.21,2.97
196412,18.3,12.9,31.8,30.0,25.0,21.4,8.52,3.23
196501,20.2,1.6,32.7,23.1,26.4,12.3,4.63,1.62
196502,18.4,5.2,37.2,27.1,27.8,16.1,1.46,2.38
196503,15.6,16.3,40.8,35.1,28.2,25.7,0.66,0.98
196504,31.8,25.8,52.6,48.1,42.2,37.0,3.42,2.46
196505,34.3,40.0,58.6,69.1,46.5,54.6,1.7,1.1
196506,42.4,46.0,68.8,73.4,55.6,59.7,2.14,3.05
196507,48.6,48.9,79.3,75.2,64.0,62.1,0.84,3.0
196508,48.2,52.2,75.3,74.6,61.8,63.4,2.33,4.83
196509,36.2,45.7,61.0,67.2,48.6,56.4,1.25,5.13
196510,32.1,34.2,62.5,53.8,47.3,44.0,0.49,4.02
196511,27.3,23.2,44.9,38.6,36.1,30.9,2.78,4.38
196512,17.1,16.6,33.3,31.5,25.2,24.0,1.56,2.16
196601,17.4,5.3,32.4,24.8,24.9,15.0,2.74,2.48
196602,15.7,6.3,34.6,28.8,25.2,17.6,1.56,2.55
196603,20.7,19.0,44.4,38.6,32.5,28.8,2.26,3.35
196604,27.2,27.6,53.6,48.4,40.4,38.0,0.95,1.19
196605,36.8,36.1,68.2,61.0,52.5,48.6,0.99,3.34
196606,41.9,48.5,69.6,74.7,55.8,61.6,1.39,3.42
196607,48.4,52.2,82.6,78.4,65.5,65.3,0.32,3.56
196608,47.4,51.6,80.0,75.7,63.7,63.6,0.47,5.49
196609,44.3,41.8,73.5,64.6,58.9,53.2,0.93,3.98
196610,29.4,32.4,55.9,55.8,42.7,44.1,1.1,2.6
196611,26.2,28.8,42.9,46.7,34.6,37.8,2.95,2.81
196612,18.5,13.4,31.8,30.2,25.1,21.8,3.16,3.49
196701,22.0,12.3,34.6,31.1,28.3,21.7,4.6,1.85
196702,19.7,-1.6,39.2,24.3,29.5,11.4,1.29,2.33
196703,23.0,11.8,42.3,34.2,32.7,23.0,2.7,1.33
196704,26.9,27.4,45.9,48.8,36.4,38.1,2.79,4.09
196705,35.2,33.7,61.4,56.2,48.3,44.9,1.59,4.95
196706,44.2,51.7,68.0,77.1,56.1,64.4,3.23,3.56
196707,50.7,55.8,83.0,77.9,66.8,66.9,0.7,4.29
196708,49.2,53.0,85.1,75.0,67.1,64.0,0.17,3.98
196709,43.8,42.8,75.4,68.2,59.6,55.5,0.85,2.75
196710,32.2,36.8,55.6,56.2,44.0,46.5,3.09,4.19
196711,24.3,22.0,42.6,37.1,33.5,29.5,1.86,2.91
196712,13.3,14.2,28.4,31.2,20.8,22.7,2.62,4.2
196801,12.5,-2.6,30.9,20.0,21.7,8.7,2.3,1.85
196802,21.5,1.4,40.7,22.9,31.1,12.2,3.26,1.32
196803,25.3,19.2,48.3,41.2,36.8,30.2,1.61,4.02
196804,25.9,31.5,49.6,58.3,37.7,44.9,1.28,3.4
196805,35.0,37.8,60.3,62.5,47.7,50.2,2.0,3.99
196806,43.4,50.0,69.9,69.1,56.7,59.6,2.14,4.83
196807,48.9,54.6,83.2,79.0,66.0,66.8,0.37,2.92
196808,47.0,49.6,71.7,73.5,59.3,61.6,2.82,2.51
196809,40.5,47.2,66.7,71.0,53.6,59.1,1.75,3.01
196810,31.0,37.4,54.6,58.4,42.8,47.9,1.92,3.04
196811,24.6,24.0,37.9,37.8,31.2,30.9,3.48,5.8
196812,15.9,9.0,30.3,25.4,23.1,17.2,3.55,5.17
196901,16.9,6.2,31.0,26.1,23.9,16.2,6.16,2.48
196902,16.1,9.6,33.4,28.8,24.7,19.2,2.16,2.96
196903,16.6,16.0,40.6,34.6,28.6,25.3,0.9,2.24
196904,30.0,28.8,54.5,52.0,42.3,40.4,1.5,4.18
196905,38.2,38.0,67.5,62.4,52.9,50.2,1.09,4.11
196906,44.0,49.6,69.0,73.4,56.5,61.5,2.57,4.28
196907,48.1,53.4,80.1,75.8,64.1,64.6,0.49,4.84
196908,47.0,54.0,83.0,77.0,65.0,65.5,0.13,4.39
196909,41.8,46.5,71.2,67.7,56.5,57.1,1.22,2.34
196910,28.4,33.8,49.6,55.5,39.0,44.6,1.39,2.45
196911,22.1,27.8,43.3,42.3,32.7,35.1,1.03,6.22
196912,19.6,11.3,34.1,26.3,26.8,18.8,2.94,5.9
197001,20.1,-7.2,32.6,17.1,26.4,5.0,6.15,0.88
197002,22.1,5.3,42.4,29.4,32.2,17.4,1.43,3.0
197003,21.9,16.2,41.5,35.7,31.7,25.9,2.45,2.56
197004,25.0,28.7,44.8,51.7,35.0,40.2,2.1,3.71
197005,35.7,41.7,62.0,65.5,48.8,53.6,1.99,3.61
197006,45.0,48.8,72.4,73.7,58.7,61.2,3.01,3.51
197007,50.4,55.6,81.0,78.9,65.7,67.2,1.19,2.48
197008,48.0,52.4,83.4,77.6,65.7,65.0,0.37,3.87
197009,36.3,46.8,63.5,67.2,49.9,57.0,2.01,4.56
197010,28.2,38.4,51.6,58.4,39.9,48.4,1.83,2.91
197011,26.0,28.8,40.3,44.0,33.1,36.4,4.0,2.71
197012,15.5,6.3,29.8,24.0,22.6,15.1,3.62,4.28
197101,18.4,-2.6,32.0,20.7,25.2,9.1,4.9,2.04
197102,18.4,8.8,36.6,28.9,27.5,18.8,1.85,3.85
197103,19.9,14.2,39.0,34.3,29.4,24.2,3.01,3.82
197104,28.2,25.8,50.6,46.3,39.4,36.1,2.4,2.21
197105,37.1,39.2,62.4,63.9,49.8,51.5,2.05,3.48
197106,42.3,47.2,67.4,75.5,54.8,61.3,2.74,2.47
197107,48.5,52.4,80.4,77.6,64.5,65.0,0.46,4.5
197108,50.6,51.9,84.2,75.0,67.4,63.4,0.76,6.64
197109,36.0,49.5,64.0,70.0,50.0,59.8,1.38,2.4
197110,29.9,39.9,52.1,62.4,41.0,51.2,1.63,2.44
197111,23.2,22.2,38.1,38.5,30.6,30.4,2.82,3.92
197112,13.5,11.8,28.1,31.5,20.8,21.6,4.13,3.44
197201,13.9,5.4,29.2,29.1,21.5,17.2,4.3,2.2
197202,18.8,3.3,35.6,26.0,27.2,14.7,3.21,3.04
197203,26.1,14.8,47.4,34.1,36.7,24.5,2.64,4.39
197204,27.3,24.0,49.6,44.6,38.5,34.3,1.92,2.76
197205,36.1,40.5,64.1,66.4,50.1,53.5,1.5,4.16
197206,45.0,50.8,71.6,70.1,58.3,60.4,1.95,5.6
197207,47.6,54.9,78.9,77.1,63.3,66.0,0.56,5.95
197208,49.3,50.9,80.8,73.1,65.1,62.0,0.85,3.08
197209,38.0,43.9,63.9,68.1,51.0,56.0,1.5,1.74
197210,32.5,30.1,55.0,50.9,43.8,40.5,1.76,3.71
197211,24.8,23.7,38.6,36.8,31.7,30.2,1.89,5.75
197212,10.6,13.0,26.1,29.6,18.4,21.3,3.45,5.84
197301,12.5,9.5,28.8,29.3,20.7,19.4,2.46,3.62
197302,16.7,4.0,37.1,26.8,26.9,15.4,1.15,2.19
197303,22.8,26.0,41.9,44.3,32.4,35.2,1.87,2.9
197304,27.6,32.2,50.1,52.7,38.9,42.5,1.25,4.4
197305,35.7,40.5,65.0,61.2,50.4,50.8,1.27,6.13
197306,43.0,51.9,71.4,74.4,57.2,63.2,1.48,7.84
197307,49.1,55.4,81.7,79.1,65.4,67.3,0.94,4.03
197308,48.0,56.6,80.1,79.4,64.1,68.0,0.48,3.45
197309,40.5,44.4,67.5,65.9,54.0,55.2,1.99,4.01
197310,32.1,34.5,56.2,57.9,44.2,46.2,1.27,2.74
197311,25.4,26.3,37.0,41.0,31.2,33.6,5.88,3.47
197312,21.6,16.1,34.3,32.8,28.0,24.4,4.05,7.98
197401,13.2,8.2,28.1,27.9,20.7,18.0,4.55,3.07
197402,18.5,3.8,36.5,26.5,27.5,15.1,2.18,2.84
197403,24.3,16.0,42.1,36.4,33.2,26.2,4.31,4.05
197404,29.4,29.2,51.7,53.2,40.6,41.2,1.6,4.0
197405,34.4,38.3,59.3,59.5,46.8,48.9,1.04,5.45
197406,44.8,49.4,77.3,73.8,61.1,61.6,0.85,3.57
197407,49.3,54.2,80.9,77.1,65.2,65.7,0.77,5.44
197408,46.2,52.2,78.0,76.4,62.1,64.3,0.8,3.79
197409,38.3,44.4,73.2,65.3,55.8,54.9,0.17,5.37
197410,30.9,28.2,58.8,51.0,44.9,39.6,1.38,1.51
197411,25.5,25.2,41.9,42.0,33.7,33.6,1.95,4.34
197412,17.6,17.8,32.2,32.5,24.9,25.2,3.07,2.83
197501,13.4,9.9,29.3,30.2,21.4,20.1,3.81,3.3
197502,15.8,8.6,33.0,28.9,24.4,18.8,3.47,2.84
197503,21.7,14.9,39.0,35.3,30.3,25.1,2.86,3.38
197504,25.3,24.5,43.1,44.5,34.2,34.5,2.76,2.9
197505,33.9,44.2,57.2,71.8,45.6,58.0,1.73,1.81
197506,41.5,50.3,66.6,72.8,54.1,61.6,1.75,3.76
197507,53.5,56.9,82.7,80.7,68.1,68.8,1.43,4.68
197508,45.8,53.0,74.7,75.9,60.2,64.4,1.4,5.22
197509,38.5,44.7,72.1,63.9,55.3,54.3,0.21,6.17
197510,33.4,36.8,52.9,57.3,43.2,47.0,3.98,5.33
197511,20.6,29.4,38.3,47.6,29.4,38.5,2.47,4.63
197512,20.9,8.6,34.7,28.4,27.8,18.5,3.25,3.65
197601,16.4,-2.7,32.1,21.4,24.3,9.4,2.96,4.84
197602,16.2,10.4,35.3,34.1,25.7,22.3,2.92,4.0
197603,16.8,17.5,37.9,40.2,27.4,28.8,2.04,3.67
197604,28.5,31.6,50.2,55.3,39.4,43.5,2.42,3.21
197605,36.9,39.0,65.3,62.5,51.1,50.7,1.43,5.83
197606,40.8,53.0,68.0,77.4,54.4,65.2,1.56,4.56
197607,50.0,52.9,81.0,74.7,65.5,63.8,1.01,5.97
197608,46.6,51.5,73.5,74.1,60.1,62.8,2.16,6.28
197609,41.8,42.8,70.7,65.1,56.2,54.0,1.74,4.16
197610,29.1,31.9,56.7,50.8,42.9,41.4,0.8,5.8
197611,21.8,23.0,45.5,36.7,33.7,29.8,0.56,2.22
197612,14.1,3.0,35.9,24.9,25.0,14.0,0.69,2.46
197701,9.8,-0.8,28.2,19.2,19.0,9.2,1.25,2.48
197702,17.1,10.3,41.3,27.8,29.2,19.1,0.81,2.47
197703,20.7,24.8,41.0,44.2,30.8,34.5,1.92,4.26
197704,29.2,29.6,59.9,53.0,44.6,41.3,0.39,4.19
197705,35.3,40.6,56.0,70.0,45.7,55.3,3.28,1.57
197706,47.4,49.2,76.1,70.1,61.7,59.6,1.52,4.29
197707,49.2,52.6,78.8,77.3,64.0,65.0,1.44,2.37
197708,49.2,52.4,78.6,74.2,63.9,63.3,1.59,5.01
197709,40.7,46.8,66.8,63.9,53.7,55.4,2.06,6.35
197710,31.3,33.9,57.6,53.8,44.4,43.8,0.99,6.26
197711,22.6,28.8,39.3,44.6,31.0,36.7,3.21,4.49
197712,21.8,11.0,34.1,27.4,27.9,19.2,5.55,4.68
197801,21.4,4.8,33.8,23.3,27.6,14.0,3.32,6.45
197802,22.3,-3.0,36.8,22.8,29.6,9.9,2.86,0.9
197803,26.4,12.9,48.5,34.6,37.4,23.8,1.57,2.9
197804,31.5,26.7,50.7,46.7,41.1,36.7,3.29,2.78
197805,35.5,42.6,57.2,68.0,46.3,55.3,2.26,2.44
197806,41.7,49.2,71.0,73.0,56.4,61.1,0.89,6.06
197807,49.1,52.9,79.2,78.3,64.2,65.6,1.25,3.3
197808,46.0,53.4,76.5,75.2,61.2,64.3,1.24,3.65
197809,41.0,39.4,65.8,65.0,53.4,52.2,2.13,2.29
197810,29.4,32.8,60.8,53.7,45.1,43.3,0.11,4.2
197811,19.2,21.7,37.6,43.7,28.4,32.7,1.74,1.79
197812,9.0,11.9,26.4,30.6,17.6,21.2,2.58,3.49
197901,1.8,8.2,20.7,25.4,11.2,16.8,2.36,7.13
197902,18.7,-2.7,34.2,18.4,26.4,7.8,3.37,1.57
197903,22.6,24.0,44.4,42.9,33.5,33.5,1.68,2.96
197904,28.6,30.8,51.0,50.4,39.8,40.6,1.73,3.49
197905,36.7,43.9,63.2,65.8,50.0,54.9,1.56,5.2
197906,42.3,48.5,73.3,73.9,57.8,61.2,0.88,1.78
197907,48.8,55.9,81.8,79.5,65.3,67.7,0.58,3.33
197908,49.2,53.0,78.4,72.9,63.8,62.9,1.58,4.74
197909,41.3,42.6,75.4,67.5,58.4,55.0,0.27,4.33
197910,33.9,36.7,59.1,53.1,46.5,44.9,2.27,3.61
197911,17.5,30.5,37.2,47.1,27.3,38.8,1.49,3.64
197912,20.3,16.2,36.4,33.7,28.4,24.9,2.08,2.15
198001,13.9,9.3,29.5,27.6,21.7,18.4,4.31,1.34
198002,23.1,4.6,39.1,25.1,31.1,14.8,2.41,0.96
198003,23.4,17.0,41.4,37.4,32.4,27.2,2.35,3.94
198004,31.1,31.4,56.6,51.9,43.9,41.6,1.63,3.14
198005,38.7,39.8,59.7,66.6,49.2,53.2,4.46,1.9
198006,42.0,46.4,67.8,70.6,54.9,58.5,2.09,3.15
198007,49.4,55.1,79.4,77.9,64.4,66.5,1.05,4.06
198008,45.0,54.2,75.3,76.6,60.2,65.4,0.89,3.63
198009,42.1,44.2,68.4,67.2,55.2,55.7,2.41,4.39
198010,30.7,33.3,57.4,51.7,44.1,42.5,0.98,3.45
198011,23.8,22.0,42.0,37.4,32.9,29.7,2.37,3.78
198012,21.4,1.2,36.8,25.6,29.1,13.4,3.72,2.03
198101,21.6,-4.9,36.8,19.0,29.2,7.1,1.41,0.7
198102,19.3,17.8,39.4,38.0,29.3,27.9,2.41,6.74
198103,25.2,20.6,47.9,39.1,36.5,29.8,2.06,1.31
198104,31.0,32.0,53.6,54.7,42.3,43.3,2.62,3.37
198105,37.6,41.3,58.7,67.3,48.1,54.3,3.24,3.81
198106,42.9,49.8,67.9,73.7,55.4,61.7,2.42,4.02
198107,47.3,55.2,80.3,77.6,63.8,66.4,0.73,4.87
198108,49.2,51.4,84.1,74.2,66.7,62.8,0.26,4.58
198109,41.0,46.0,72.2,64.5,56.6,55.2,0.86,6.0
198110,30.9,31.4,52.2,51.4,41.6,41.4,2.08,5.8
198111,26.1,26.4,43.9,42.1,35.0,34.3,3.58,2.5
198112,20.6,15.3,34.6,29.7,27.6,22.5,4.47,3.67
198201,12.6,-5.7,28.9,18.4,20.8,6.4,3.72,3.06
198202,13.4,6.3,32.0,28.1,22.7,17.2,3.35,3.09
198203,24.8,15.6,42.2,37.7,33.5,26.7,3.32,2.85
198204,24.6,26.2,47.8,49.1,36.2,37.7,2.8,3.46
198205,34.1,41.5,60.0,68.1,47.0,54.8,1.56,1.75
198206,43.9,48.3,70.2,68.9,57.1,58.6,1.77,6.53
198207,49.4,52.2,76.4,78.7,62.9,65.4,1.81,2.42
198208,49.5,49.3,80.6,72.7,65.1,61.0,0.8,3.52
198209,41.5,46.0,66.3,68.4,53.9,57.2,2.44,2.79
198210,31.9,33.7,51.8,57.1,41.9,45.4,2.61,2.08
198211,19.6,28.8,36.2,46.3,28.0,37.5,2.57,4.13
198212,16.5,18.0,30.4,37.4,23.5,27.7,3.8,2.24
198301,21.3,8.9,35.5,27.9,28.4,18.4,2.57,3.76
198302,22.3,9.9,38.7,31.5,30.5,20.7,2.95,2.25
198303,27.7,22.5,44.4,39.0,36.0,30.7,3.85,4.09
198304,26.8,31.3,48.8,49.1,37.8,40.2,1.69,6.02
198305,35.6,40.4,60.7,60.3,48.2,50.3,1.87,6.77
198306,42.6,49.0,68.6,76.1,55.6,62.6,2.04,2.63
198307,47.7,54.0,76.0,79.3,61.8,66.6,2.2,2.86
198308,52.6,53.5,80.0,76.4,66.3,65.0,2.02,6.12
198309,39.8,46.1,68.1,71.2,54.0,58.7,1.47,2.37
198310,33.6,34.3,56.8,55.8,45.2,45.0,1.6,3.4
198311,26.8,27.1,40.0,42.0,33.4,34.5,4.81,7.36
198312,10.2,10.1,24.4,27.4,17.3,18.7,4.34,6.47
198401,12.3,2.6,27.8,24.2,20.0,13.4,1.75,1.55
198402,14.1,17.3,33.1,36.6,23.6,26.9,2.11,3.28
198403,24.0,11.1,41.6,32.0,32.8,21.5,2.76,3.29
198404,28.1,31.4,48.2,52.6,38.2,42.0,2.43,3.24
198405,36.1,39.1,59.3,61.1,47.7,50.1,2.7,9.08
198406,41.9,49.3,66.6,75.5,54.2,62.4,2.99,2.75
198407,50.4,54.4,80.7,77.1,65.6,65.8,1.46,5.6
198408,50.6,55.8,80.3,77.7,65.5,66.8,1.29,3.26
198409,38.6,41.4,66.4,65.7,52.5,53.6,1.24,2.26
198410,29.1,36.1,50.0,58.6,39.6,47.4,2.0,2.81
198411,24.3,24.8,38.2,42.9,31.3,33.9,3.98,3.6
198412,9.4,18.0,26.7,35.2,18.1,26.6,2.64,3.89
198501,8.2,2.3,26.5,20.6,17.3,11.5,0.68,1.65
198502,8.0,10.7,29.3,30.3,18.6,20.5,1.93,2.35
198503,16.6,18.3,39.0,40.6,27.8,29.4,2.08,3.11
198504,30.6,30.4,56.5,52.3,43.5,41.4,1.11,2.3
198505,37.8,40.3,64.9,66.1,51.4,53.2,2.14,3.48
198506,43.8,47.6,73.5,68.3,58.6,58.0,0.92,3.85
198507,52.7,52.9,85.5,78.2,69.1,65.6,0.91,3.23
198508,45.2,51.4,76.5,74.2,60.9,62.8,0.79,4.24
198509,37.7,46.0,60.7,68.4,49.2,57.2,3.24,4.58
198510,29.5,35.1,53.0,56.8,41.2,46.0,1.95,3.53
198511,15.0,27.2,30.5,41.9,22.7,34.5,3.06,4.7
198512,7.0,9.0,24.4,26.4,15.7,17.7,1.33,2.39
198601,17.2,5.8,34.2,27.6,25.7,16.7,2.74,4.73
198602,23.6,4.2,38.6,26.2,31.1,15.2,5.74,2.22
198603,28.8,19.3,50.7,41.0,39.8,30.1,2.3,3.97
198604,29.9,33.5,52.2,57.9,41.0,45.7,2.35,1.67
198605,36.7,43.7,63.0,67.6,49.8,55.7,2.1,4.24
198606,46.8,46.4,77.6,70.5,62.2,58.5,1.11,5.0
198607,46.6,54.0,75.9,74.8,61.2,64.4,1.01,5.64
198608,50.2,52.1,83.2,73.0,66.7,62.5,0.91,5.24
198609,39.1,43.6,60.6,64.3,49.9,53.9,2.76,3.81
198610,32.0,34.1,57.8,54.7,44.9,44.4,0.86,2.52
198611,23.8,22.6,40.6,39.3,32.2,30.9,2.58,4.25
198612,15.2,16.4,33.6,31.6,24.4,24.0,0.62,3.18
198701,12.3,5.5,30.1,25.5,21.2,15.5,2.0,3.45
198702,20.7,1.7,39.2,25.8,30.0,13.7,1.62,0.49
198703,25.5,19.4,45.2,41.9,35.4,30.6,2.35,2.14
198704,32.0,33.8,62.4,56.6,47.2,45.2,0.92,3.48
198705,40.4,40.4,65.9,65.4,53.1,52.9,2.75,2.11
198706,45.2,50.9,74.5,73.0,59.8,62.0,1.39,6.0
198707,48.5,55.5,76.7,78.9,62.6,67.2,1.98,3.93
198708,45.6,49.5,77.8,73.8,61.7,61.7,0.63,3.21
198709,40.3,46.2,75.2,65.1,57.8,55.6,0.12,5.88
198710,30.8,31.7,63.6,54.2,47.2,43.0,0.17,5.79
198711,25.0,24.2,42.3,42.4,33.7,33.3,1.67,3.14
198712,16.6,18.7,32.1,32.2,24.4,25.5,2.82,2.13
198801,12.7,4.1,29.4,26.7,21.1,15.4,2.49,1.8
198802,18.7,6.8,40.1,30.0,29.4,18.4,1.34,2.93
198803,23.0,16.4,44.5,38.0,33.8,27.2,2.26,1.85
198804,31.4,31.6,57.0,50.8,44.3,41.2,2.43,3.68
198805,36.5,43.0,62.9,66.8,49.7,54.9,2.15,2.61
198806,47.3,45.4,76.5,72.8,61.9,59.1,1.15,2.1
198807,50.3,57.2,83.5,79.9,66.9,68.5,0.31,4.76
198808,46.6,55.7,81.8,77.5,64.2,66.6,0.23,5.73
198809,39.3,42.4,69.7,66.1,54.5,54.2,0.64,2.19
198810,36.8,32.7,66.0,50.4,51.4,41.6,0.51,2.46
198811,24.5,26.5,37.6,43.2,31.1,34.9,5.09,5.86
198812,14.3,9.0,29.5,29.0,21.9,19.0,1.89,1.67
198901,12.2,9.6,29.3,31.2,20.8,20.4,2.97,1.52
198902,9.3,6.8,28.5,27.5,18.9,17.1,1.46,1.96
198903,25.4,14.7,42.6,37.4,34.0,26.0,4.22,2.95
198904,31.7,27.0,56.8,48.0,44.2,37.5,1.22,3.03
198905,35.8,43.5,61.2,67.0,48.5,55.3,2.04,5.62
198906,44.0,51.7,72.6,73.2,58.3,62.4,1.1,5.0
198907,51.2,54.0,84.1,78.2,67.7,66.2,0.48,3.44
198908,47.2,52.4,75.8,74.1,61.5,63.3,1.51,5.9
198909,40.2,46.3,71.2,68.1,55.7,57.2,1.02,4.97
198910,32.5,35.5,54.7,57.2,43.6,46.3,1.83,4.72
198911,24.6,23.8,42.8,41.4,33.7,32.6,2.11,4.29
198912,17.5,-7.0,34.8,16.1,26.1,4.5,1.0,1.52
199001,19.5,17.5,34.2,34.9,26.9,26.2,3.59,4.19
199002,14.8,8.8,35.1,32.6,24.9,20.7,1.94,3.26
199003,24.5,18.5,47.8,42.0,36.1,30.2,1.54,3.01
199004,33.7,32.1,58.4,52.4,46.1,42.3,2.59,3.84
199005,35.4,38.2,59.2,61.1,47.3,49.6,3.14,5.49
199006,43.3,50.3,71.0,73.3,57.2,61.8,1.44,4.53
199007,50.8,54.6,82.1,77.9,66.4,66.2,0.76,3.76
199008,49.7,55.0,79.5,76.7,64.6,65.8,1.38,7.32
199009,45.5,45.6,77.8,65.8,61.7,55.7,0.37,2.86
199010,30.8,38.4,54.6,57.6,42.7,48.0,2.05,6.85
199011,24.1,26.8,42.1,44.2,33.1,35.5,2.59,3.71
199012,4.9,17.4,24.1,35.9,14.5,26.6,2.02,5.43
199101,12.0,5.8,29.7,25.7,20.9,15.7,1.83,2.71
199102,24.3,12.8,44.5,33.9,34.4,23.4,1.06,1.36
199103,23.3,22.7,43.0,39.7,33.2,31.2,2.85,3.57
199104,28.6,33.4,50.0,56.6,39.4,45.0,2.57,3.29
199105,35.5,42.8,57.5,69.3,46.5,56.1,3.26,3.61
199106,41.4,49.3,68.0,75.0,54.7,62.1,1.86,2.7
199107,50.0,53.3,82.5,77.7,66.3,65.5,0.52,2.65
199108,51.1,55.2,83.1,76.6,67.1,65.9,0.63,6.16
199109,41.9,42.3,72.2,65.2,57.0,53.8,0.97,5.07
199110,31.0,36.5,57.6,58.5,44.3,47.5,1.38,4.81
199111,22.5,26.9,36.9,42.8,29.7,34.8,3.76,2.66
199112,17.5,11.2,34.1,31.3,25.8,21.3,1.73,3.17
199201,17.4,6.3,34.7,26.6,26.0,16.4,1.27,2.51
199202,24.8,8.1,43.9,29.0,34.4,18.5,1.79,2.4
199203,28.6,13.0,53.4,34.6,41.0,23.8,0.87,3.28
199204,33.1,28.4,58.3,48.3,45.7,38.3,1.96,2.92
199205,40.3,38.4,70.2,66.5,55.3,52.5,0.65,2.4
199206,46.5,47.9,74.4,71.7,60.4,59.8,2.26,3.02
199207,47.7,51.1,77.0,72.7,62.4,61.9,1.22,4.36
199208,48.6,52.2,81.2,72.8,64.9,62.5,0.44,3.8
199209,39.4,44.8,69.0,67.5,54.2,56.2,1.15,4.13
199210,34.6,32.0,59.8,50.6,47.2,41.3,1.5,3.03
199211,20.5,25.0,35.4,39.7,28.0,32.4,2.51,4.52
199212,12.6,15.5,27.8,32.3,20.2,23.9,3.34,2.19
199301,10.5,10.6,27.7,28.7,19.1,19.6,2.81,3.19
199302,13.1,-3.8,31.9,22.2,22.5,9.2,1.78,2.85
199303,25.8,13.2,44.2,37.2,35.0,25.2,2.95,3.52
199304,29.7,30.9,49.5,52.8,39.6,41.8,3.24,4.1
199305,40.5,40.7,67.1,65.2,53.8,52.9,2.2,2.23
199306,41.6,48.2,65.6,71.8,53.6,60.0,3.33,4.25
199307,43.5,55.1,69.0,78.3,56.2,66.7,1.98,3.47
199308,45.2,54.4,74.3,77.0,59.7,65.7,1.4,3.47
199309,38.9,45.5,70.2,65.1,54.6,55.3,0.31,4.62
199310,33.1,32.2,57.1,52.8,45.1,42.5,1.28,3.35
199311,15.8,24.3,37.5,42.7,26.6,33.5,0.97,3.5
199312,17.3,13.4,32.8,30.2,25.1,21.7,1.83,3.24
199401,21.2,-6.7,36.2,17.5,28.7,5.4,1.89,4.16
199402,15.8,0.8,34.6,24.2,25.2,12.4,2.57,1.54
199403,24.5,18.1,50.2,36.2,37.4,27.1,0.87,4.16
199404,32.0,29.8,55.8,52.1,43.9,40.9,1.98,4.21
199405,39.7,38.5,65.7,63.0,52.7,50.7,2.02,4.23
199406,43.2,52.4,73.5,75.7,58.4,64.1,1.12,4.23
199407,50.5,58.2,83.8,79.2,67.2,68.7,0.53,4.68
199408,50.0,51.2,84.1,73.4,67.0,62.3,0.37,5.08
199409,42.6,45.5,75.1,64.5,58.9,55.0,0.61,3.95
199410,31.7,34.6,53.8,56.8,42.8,45.7,2.35,0.95
199411,17.5,27.8,32.9,47.3,25.2,37.6,3.41,3.13
199412,17.4,16.9,31.6,35.1,24.5,26.0,2.67,2.76
199501,19.6,16.4,33.6,31.8,26.6,24.1,3.55,3.13
199502,23.5,4.9,43.1,26.5,33.3,15.7,1.75,2.43
199503,24.2,22.4,43.3,42.2,33.8,32.3,4.07,2.35
199504,28.8,26.1,50.8,46.7,39.8,36.4,2.39,2.18
199505,37.0,39.6,59.7,62.8,48.3,51.3,2.98,2.48
199506,42.3,49.5,66.6,77.4,54.4,63.4,3.19,1.35
199507,48.5,57.5,78.3,80.2,63.4,68.8,1.39,4.82
199508,46.0,52.8,79.0,76.9,62.5,64.8,0.87,4.5
199509,41.6,40.8,71.9,65.3,56.8,53.1,0.82,3.44
199510,29.6,38.8,53.4,60.2,41.5,49.5,1.97,8.14
199511,28.1,23.6,45.0,38.7,36.6,31.2,4.2,4.41
199512,19.4,9.9,34.4,24.8,26.8,17.3,3.93,2.96
199601,16.3,4.8,31.7,25.5,24.0,15.1,4.07,4.81
199602,17.2,9.5,36.8,27.4,27.0,18.4,3.17,2.55
199603,24.2,15.0,45.4,36.7,34.8,25.9,2.07,1.68
199604,30.1,30.0,52.7,49.6,41.4,39.8,3.09,6.51
199605,35.7,38.6,57.3,61.9,46.5,50.2,3.75,5.58
199606,43.1,52.3,73.4,72.9,58.3,62.6,0.76,4.45
199607,50.3,54.7,83.6,75.2,67.0,64.9,0.48,7.44
199608,47.6,53.5,81.4,76.2,64.5,64.8,0.34,2.37
199609,38.4,48.2,66.6,67.9,52.5,58.1,0.97,3.5
199610,31.4,34.2,55.4,54.9,43.4,44.6,1.95,4.95
199611,24.8,22.5,41.8,38.1,33.4,30.3,3.71,3.41
199612,18.8,23.1,31.9,35.3,25.3,29.2,7.74,5.37
199701,16.4,6.2,31.8,25.8,24.1,15.9,4.44,3.26
199702,17.4,12.6,36.2,33.8,26.8,23.2,1.59,2.59
199703,23.7,14.5,45.4,35.1,34.6,24.8,2.64,3.9
199704,27.5,26.6,49.5,49.2,38.5,37.9,2.68,3.01
199705,38.5,37.2,66.2,57.9,52.3,47.6,1.67,3.79
199706,44.6,49.5,69.8,75.5,57.2,62.5,2.13,2.7
199707,48.2,52.2,77.5,76.4,62.9,64.3,1.79,4.56
199708,49.5,51.7,80.5,74.0,65.0,62.9,1.12,5.88
199709,43.8,44.7,71.0,65.8,57.4,55.3,1.7,3.08
199710,31.5,32.8,54.2,54.5,42.8,43.7,2.29,2.15
199711,24.5,23.8,43.1,40.1,33.8,32.0,1.74,5.14
199712,15.2,14.1,31.7,31.4,23.4,22.7,1.49,2.72
199801,20.7,13.3,35.1,30.1,27.9,21.7,4.09,5.88
199802,20.8,16.1,38.0,36.0,29.4,26.1,1.98,2.35
199803,24.0,21.6,44.1,41.0,34.0,31.3,2.17,3.73
199804,29.7,30.6,53.0,55.8,41.3,43.2,1.79,2.52
199805,37.4,45.2,60.6,71.0,49.0,58.1,4.63,2.83
199806,41.6,52.7,65.5,71.0,53.6,61.8,2.77,8.77
199807,53.3,54.6,84.8,76.6,69.1,65.6,1.18,5.14
199808,50.3,53.9,83.6,76.3,67.0,65.1,0.37,4.73
199809,46.4,46.6,74.3,69.0,60.4,57.8,1.84,3.97
199810,31.2,37.8,55.4,55.5,43.3,46.7,0.86,3.02
199811,27.5,29.1,41.1,41.9,34.3,35.5,3.96,2.9
199812,15.0,19.4,30.1,39.0,22.6,29.2,3.31,1.69
199901,19.9,6.5,34.3,27.4,27.1,17.0,3.33,5.73
199902,18.4,11.1,35.5,33.3,27.0,22.2,4.49,1.53
199903,22.5,19.7,45.0,38.0,33.8,28.9,1.61,4.14
199904,26.9,29.4,50.5,53.1,38.7,41.3,1.58,0.88
199905,34.1,42.3,59.1,68.8,46.6,55.5,2.21,3.5
199906,42.6,52.3,68.6,78.4,55.6,65.4,1.83,2.56
199907,46.8,56.6,80.5,80.4,63.7,68.5,0.26,3.79
199908,49.8,52.3,80.9,75.0,65.4,63.6,1.06,2.76
199909,38.0,49.4,70.5,71.7,54.2,60.6,0.21,8.57
199910,31.7,32.4,60.7,54.2,46.2,43.3,1.17,4.0
199911,28.4,30.4,49.2,48.3,38.8,39.3,2.2,3.23
199912,18.3,18.1,33.5,33.3,25.9,25.7,2.69,1.76
200001,18.4,5.1,32.9,24.9,25.7,15.0,3.41,3.79
200002,23.7,10.0,40.2,31.7,32.0,20.8,3.05,3.51
200003,23.3,23.3,45.7,44.8,34.5,34.1,1.92,2.95
200004,32.4,30.6,58.2,49.0,45.3,39.8,1.5,5.93
200005,38.1,42.1,62.5,63.7,50.3,52.9,2.05,5.7
200006,43.5,49.8,73.6,71.0,58.6,60.4,0.86,3.89
200007,50.0,52.2,83.1,74.0,66.5,63.1,0.35,4.95
200008,49.4,52.9,83.2,73.7,66.3,63.3,0.31,4.33
200009,39.9,44.4,68.1,66.6,54.0,55.5,1.65,2.65
200010,33.0,35.0,55.2,56.2,44.1,45.6,2.77,2.81
200011,16.9,28.1,34.5,41.4,25.7,34.8,1.34,3.19
200012,16.3,7.2,32.1,25.9,24.2,16.6,1.68,4.92
200101,14.1,7.9,31.8,27.6,23.0,17.8,1.37,1.55
200102,15.8,8.9,34.5,30.0,25.1,19.5,1.18,3.07
200103,25.8,16.2,47.2,34.3,36.6,25.2,1.58,5.62
200104,28.8,27.9,51.5,51.8,40.1,39.9,2.33,0.99
200105,37.8,41.6,67.5,68.0,52.6,54.8,1.02,2.44
200106,43.0,51.2,71.9,75.2,57.4,63.2,1.4,3.94
200107,50.8,51.9,80.5,75.2,65.6,63.6,1.12,3.38
200108,51.0,55.2,85.3,80.5,68.2,67.9,0.17,2.25
200109,43.3,45.3,75.4,69.5,59.4,57.4,0.73,4.21
200110,32.4,36.2,56.9,59.3,44.6,47.8,2.22,2.03
200111,27.0,29.5,45.4,47.6,36.2,38.5,2.51,2.5
200112,14.5,21.7,29.7,37.9,22.1,29.8,3.5,2.38
200201,16.0,17.2,30.4,33.3,23.2,25.2,2.97,2.55
200202,13.0,12.8,34.9,35.1,23.9,24.0,1.33,3.28
200203,20.0,20.5,40.2,38.9,30.1,29.7,2.39,3.7
200204,29.6,32.8,53.3,53.9,41.5,43.4,1.98,4.46
200205,35.7,37.9,61.8,60.9,48.7,49.4,1.53,4.56
200206,44.6,49.0,73.0,72.2,58.8,60.6,1.42,7.07
200207,52.8,54.9,85.2,78.2,69.0,66.5,0.51,3.32
200208,46.0,54.4,77.7,79.2,61.8,66.8,0.51,2.0
200209,41.2,48.3,70.6,72.6,55.9,60.4,1.03,4.99
200210,27.8,33.8,54.2,52.0,41.0,42.9,0.63,3.73
200211,23.1,24.8,42.5,39.8,32.8,32.3,1.6,4.76
200212,21.9,12.7,35.8,30.4,28.8,21.6,3.08,2.84
200301,24.2,-0.4,38.6,19.4,31.4,9.5,3.19,2.01
200302,17.6,3.4,36.6,25.1,27.1,14.2,2.01,1.89
200303,26.7,15.8,45.9,39.9,36.3,27.8,3.31,2.69
200304,30.0,27.2,51.6,49.0,40.8,38.1,2.54,2.81
200305,37.0,40.9,62.8,62.9,49.9,51.9,2.02,4.22
200306,44.1,50.0,74.1,73.5,59.1,61.7,0.64,3.12
200307,53.2,55.5,87.7,77.5,70.4,66.5,0.3,4.42
200308,51.6,57.4,83.7,77.2,67.7,67.3,0.96,5.51
200309,41.4,47.5,71.9,69.4,56.7,58.4,0.72,4.87
200310,35.1,34.4,62.2,53.8,48.7,44.1,0.8,6.76
200311,19.4,27.6,37.0,45.4,28.2,36.5,2.45,4.68
200312,21.1,12.6,35.0,31.0,28.1,21.8,3.62,6.84
200401,15.1,-1.8,30.5,16.2,22.8,7.2,2.9,1.2
200402,17.5,5.5,35.2,29.6,26.3,17.5,2.19,1.24
200403,27.2,22.0,51.4,41.3,39.3,31.6,1.1,1.9
200404,31.8,30.5,57.3,52.2,44.6,41.4,1.37,3.22
200405,37.2,43.1,60.6,66.8,48.9,54.9,3.5,5.06
200406,44.2,47.1,72.5,71.7,58.4,59.4,1.43,3.24
200407,50.7,55.6,81.9,75.7,66.3,65.7,0.91,5.54
200408,48.9,54.4,78.5,74.6,63.7,64.5,1.9,7.46
200409,40.4,47.0,67.0,69.6,53.7,58.3,1.55,3.41
200410,33.8,34.6,55.4,56.3,44.6,45.4,2.41,1.5
200411,23.8,25.7,41.6,43.8,32.7,34.8,1.38,3.59
200412,21.2,12.1,35.8,30.7,28.5,21.4,2.54,4.49
200501,18.5,3.8,34.4,23.9,26.5,13.9,1.81,3.0
200502,17.0,9.6,40.0,32.5,28.5,21.1,0.71,2.41
200503,25.0,14.2,46.8,35.9,35.9,25.1,2.44,2.8
200504,29.9,30.9,53.6,55.9,41.7,43.4,2.22,5.04
200505,38.2,38.1,61.6,59.2,49.9,48.7,4.11,2.86
200506,41.5,55.1,67.1,77.9,54.3,66.5,2.44,4.97
200507,50.2,57.5,83.3,79.7,66.8,68.6,0.35,4.22
200508,48.2,56.0,81.4,78.0,64.8,67.0,0.47,4.09
200509,38.9,49.1,69.2,72.1,54.1,60.6,0.93,3.86
200510,33.6,40.2,57.5,55.4,45.5,47.8,1.84,10.23
200511,23.1,27.4,40.7,46.5,32.0,37.0,2.88,5.52
200512,15.2,13.2,30.8,29.4,23.0,21.3,4.38,3.39
200601,20.7,17.0,35.1,34.9,27.9,26.0,4.71,4.57
200602,13.9,12.8,35.0,29.9,24.4,21.3,1.79,2.18
200603,22.6,19.6,42.2,38.3,32.4,28.9,2.69,1.67
200604,31.5,30.8,54.1,55.2,42.8,43.0,3.07,3.25
200605,37.6,44.2,66.0,64.2,51.8,54.2,1.63,6.71
200606,46.1,53.3,75.0,72.5,60.6,62.9,1.74,8.67
200607,53.7,58.3,86.6,80.1,70.1,69.2,0.46,5.01
200608,47.1,52.7,80.4,74.1,63.7,63.4,0.4,4.75
200609,40.1,46.2,70.0,66.6,55.1,56.4,1.25,2.98
200610,31.0,35.2,55.0,53.6,43.0,44.4,1.58,7.28
200611,24.5,32.6,41.7,48.3,33.1,40.5,4.34,3.02
200612,16.6,22.8,34.0,38.2,25.3,30.5,2.72,4.19
200701,10.6,10.4,30.8,28.8,20.7,19.6,1.36,3.49
200702,22.1,3.2,39.6,22.4,30.8,12.8,2.45,2.6
200703,27.2,14.4,50.7,37.2,38.9,25.8,1.45,3.59
200704,30.7,29.6,55.3,47.9,43.0,38.7,1.59,5.16
200705,37.6,39.9,66.3,66.6,52.0,53.3,1.09,3.03
200706,44.4,50.9,74.7,74.9,59.6,62.9,1.23,3.48
200707,55.4,53.8,88.7,75.3,72.0,64.6,0.38,5.81
200708,49.0,52.6,81.7,76.6,65.4,64.6,0.51,3.15
200709,40.4,46.3,69.4,71.3,54.9,58.8,1.26,3.38
200710,32.3,41.0,54.0,61.2,43.1,51.1,2.58,5.66
200711,23.3,24.5,43.8,40.4,33.5,32.4,2.04,4.73
200712,16.4,13.7,30.4,29.2,23.4,21.5,3.62,4.75
200801,11.2,12.2,28.6,30.8,19.9,21.5,3.53,2.39
200802,18.5,11.1,36.7,29.9,27.6,20.5,2.23,6.1
200803,19.9,15.2,40.6,36.3,30.3,25.8,2.28,4.85
200804,23.6,31.8,48.9,57.7,36.3,44.8,1.2,3.53
200805,36.1,36.8,61.7,63.2,48.9,50.0,1.82,1.45
200806,42.2,53.3,70.4,74.2,56.3,63.7,1.43,6.39
200807,49.9,56.4,83.2,77.6,66.5,67.0,0.31,7.26
200808,48.5,52.6,81.1,73.7,64.8,63.1,0.82,5.79
200809,39.7,47.7,71.3,69.2,55.5,58.5,0.77,3.23
200810,31.9,33.7,57.1,54.5,44.5,44.1,1.04,5.14
200811,28.4,27.3,45.7,42.1,37.1,34.7,2.8,2.85
200812,14.2,13.4,30.9,32.3,22.6,22.9,3.74,5.65
200901,16.3,0.5,33.7,21.3,25.0,10.9,2.72,2.77
200902,17.6,10.1,37.5,31.1,27.6,20.6,1.46,2.28
200903,21.3,18.7,41.4,40.6,31.4,29.6,3.17,2.52
200904,29.1,31.4,52.4,55.2,40.7,43.3,1.84,2.54
200905,37.0,40.6,64.7,64.3,50.8,52.5,2.03,5.4
200906,44.1,50.2,68.5,70.3,56.3,60.3,3.51,4.91
200907,50.0,54.2,81.6,73.9,65.8,64.0,0.71,7.07
200908,48.7,55.6,78.9,76.7,63.8,66.2,1.45,4.54
200909,43.9,44.2,76.4,67.5,60.1,55.8,0.35,2.42
200910,29.3,34.9,49.6,50.9,39.5,42.9,2.47,5.09
200911,22.9,30.0,43.0,48.8,33.0,39.4,1.33,4.03
200912,11.5,14.3,28.1,29.4,19.8,21.9,1.84,3.86
201001,20.7,12.7,35.6,27.6,28.2,20.1,2.54,2.51
201002,19.9,17.3,37.8,29.8,28.9,23.5,1.06,3.11
201003,24.1,26.2,46.3,45.6,35.2,35.9,1.86,3.94
201004,28.3,34.2,51.7,58.2,40.0,46.2,2.64,3.32
201005,32.9,42.7,55.3,69.4,44.1,56.0,2.77,2.34
201006,43.4,51.2,67.6,72.4,55.5,61.8,3.24,5.73
201007,48.1,58.2,80.2,80.6,64.2,69.4,0.52,3.98
201008,47.1,54.4,78.4,76.4,62.8,65.4,0.83,4.52
201009,41.2,49.1,71.6,69.4,56.4,59.2,0.94,3.4
201010,35.6,35.8,59.3,54.7,47.5,45.2,2.49,9.16
201011,22.1,27.2,38.9,42.9,30.5,35.0,3.03,3.17
201012,19.6,13.8,33.7,27.8,26.6,20.8,4.22,4.03
201101,16.0,7.0,31.9,24.4,24.0,15.7,2.79,2.29
201102,15.0,6.6,33.6,28.6,24.3,17.6,1.93,3.56
201103,24.6,17.9,42.3,37.0,33.4,27.5,3.88,4.7
201104,26.0,31.8,46.8,51.6,36.4,41.7,3.18,6.22
201105,34.4,45.9,57.2,66.5,45.8,56.2,3.15,6.77
201106,41.1,51.1,66.9,72.9,54.0,62.0,1.96,4.96
201107,48.3,56.6,80.2,80.3,64.3,68.5,0.55,3.43
201108,49.7,55.3,82.5,76.4,66.1,65.8,0.51,10.08
201109,43.4,51.2,75.7,70.4,59.6,60.8,0.39,6.11
201110,34.7,39.0,56.1,56.4,45.4,47.7,2.83,4.48
201111,21.1,30.1,40.0,50.2,30.5,40.2,1.99,2.06
201112,15.0,19.4,34.7,36.4,24.8,27.9,1.53,3.56
201201,17.7,12.6,36.0,30.2,26.8,21.4,3.33,2.95
201202,18.8,16.4,37.4,34.8,28.0,25.6,1.78,1.22
201203,26.3,27.5,46.5,49.8,36.4,38.7,4.25,1.77
201204,31.6,31.3,57.2,54.1,44.4,42.7,2.12,3.3
201205,35.8,46.1,62.2,68.9,49.0,57.5,1.91,5.56
201206,42.1,50.9,71.6,73.6,56.9,62.2,1.6,3.87
201207,52.6,55.7,84.5,80.3,68.5,68.0,0.93,3.54
201208,50.3,54.9,84.2,79.4,67.3,67.1,0.28,3.29
201209,42.0,45.4,74.9,69.0,58.4,57.2,0.32,5.51
201210,31.3,40.5,56.1,58.2,43.7,49.3,2.32,5.18
201211,27.6,24.2,44.4,42.0,36.0,33.1,2.75,1.13
201212,18.9,20.4,32.6,34.5,25.8,27.4,4.12,5.03
201301,11.3,8.8,29.1,28.5,20.2,18.6,1.9,1.87
201302,18.4,13.8,36.6,29.3,27.5,21.5,1.07,1.92
201303,23.8,21.3,46.4,37.7,35.1,29.5,1.47,2.38
201304,28.3,29.5,52.0,52.1,40.1,40.8,1.81,2.62
201305,37.6,42.0,64.4,68.2,51.0,55.1,1.51,5.98
201306,44.6,51.1,74.1,72.8,59.3,62.0,1.35,7.96
201307,53.0,59.4,86.2,80.0,69.6,69.7,0.53,6.33
201308,51.4,53.0,83.8,75.2,67.6,64.1,0.71,3.41
201309,45.0,45.5,69.2,67.5,57.1,56.5,2.96,4.41
201310,30.0,37.2,54.2,58.3,42.1,47.8,0.85,2.37
201311,24.2,22.7,43.3,40.8,33.8,31.8,1.72,3.88
201312,12.4,13.5,29.8,29.3,21.1,21.4,1.76,3.43
201401,18.7,4.9,36.7,24.4,27.7,14.6,2.02,3.11
201402,19.8,6.7,36.3,26.5,28.0,16.6,3.68,3.18
201403,25.6,6.6,46.8,30.8,36.2,18.6,3.92,3.38
201404,29.3,28.6,53.8,52.4,41.6,40.5,2.15,3.25
201405,37.8,42.2,65.2,65.0,51.6,53.6,1.26,4.68
201406,42.9,50.7,70.4,74.4,56.7,62.6,1.32,4.57
201407,53.2,55.2,85.3,77.8,69.3,66.5,0.39,6.27
201408,50.1,52.5,77.4,74.1,63.8,63.3,2.29,3.48
201409,43.4,45.8,71.9,69.2,57.6,57.5,1.53,1.85
201410,36.0,40.9,61.0,57.6,48.5,49.3,1.29,5.13
201411,21.8,25.5,40.3,41.2,31.1,33.3,3.32,2.55
201412,22.0,20.6,36.2,33.4,29.1,27.0,3.3,4.63
201501,20.7,0.6,36.7,23.8,28.7,12.2,2.06,2.79
201502,25.6,-6.8,44.8,17.6,35.2,5.3,1.86,1.79
201503,28.1,11.2,53.5,33.4,40.8,22.3,1.51,1.34
201504,29.4,28.4,55.3,50.6,42.3,39.5,1.23,2.71
201505,39.8,44.5,63.8,72.7,51.8,58.6,2.89,3.06
201506,49.5,49.5,80.0,70.2,64.7,59.9,0.77,8.63
201507,50.6,54.9,79.6,77.6,65.1,66.2,1.37,4.08
201508,50.2,55.5,81.4,77.8,65.8,66.6,0.76,2.95
201509,42.5,49.9,71.9,74.9,57.2,62.4,1.31,4.73
201510,38.7,33.5,62.6,55.0,50.7,44.3,1.69,3.48
201511,21.0,29.0,38.7,49.3,29.9,39.2,2.51,1.81
201512,17.1,28.1,31.5,42.1,24.3,35.1,4.56,5.07
201601,18.4,11.9,33.2,29.9,25.8,20.9,2.66,1.62
201602,22.5,13.7,41.2,34.0,31.9,23.9,1.65,4.71
201603,27.4,23.1,46.6,44.0,37.0,33.6,3.58,2.96
201604,34.2,25.6,59.7,50.8,47.0,38.2,1.65,2.6
201605,38.2,41.9,63.0,66.2,50.6,54.0,2.21,2.74
201606,45.9,49.6,76.4,74.4,61.2,62.0,0.8,3.29
201607,49.0,55.4,80.6,79.3,64.8,67.4,0.72,3.83
201608,48.2,56.2,81.3,78.8,64.7,67.5,0.15,4.82
201609,41.5,47.7,67.8,72.2,54.6,59.9,1.82,2.12
201610,36.0,38.5,55.4,56.9,45.7,47.7,4.54,3.55
201611,29.2,28.4,48.2,45.2,38.7,36.8,1.44,2.78
201612,10.7,15.7,27.6,32.2,19.1,23.9,3.66,3.6
201701,9.8,17.1,27.3,32.6,18.5,24.8,3.33,2.53
201702,21.8,16.0,37.2,35.2,29.5,25.6,4.91,2.84
201703,29.2,13.9,47.8,33.1,38.5,23.5,4.14,3.3
201704,29.8,34.3,50.9,56.0,40.3,45.2,2.95,4.19
201705,37.0,41.4,64.1,62.1,50.6,51.8,1.6,5.72
201706,45.0,50.1,73.2,72.8,59.1,61.5,1.69,6.46
201707,53.5,54.6,86.4,75.9,70.0,65.2,0.33,4.23
201708,50.8,51.6,82.9,75.0,66.9,63.3,0.35,3.55
201709,42.4,49.3,69.0,72.4,55.7,60.8,2.09,2.93
201710,29.8,41.5,53.9,64.5,41.9,53.0,1.65,5.26
201711,26.6,24.0,43.1,42.0,34.9,33.0,3.55,2.19
201712,16.9,9.8,33.5,26.0,25.2,17.9,2.24,3.1
201801,22.8,7.0,38.1,26.0,30.4,16.5,2.78,3.49
201802,17.4,15.4,35.1,35.7,26.2,25.5,2.33,2.95
201803,23.6,20.0,43.7,36.4,33.7,28.2,2.75,3.03
201804,30.9,27.1,53.8,45.0,42.4,36.1,2.54,4.7
201805,41.4,42.9,66.5,70.1,54.0,56.5,2.47,1.99
201806,44.2,47.8,71.2,72.4,57.7,60.1,1.64,3.85
201807,51.8,56.8,84.9,81.7,68.4,69.2,0.12,4.35
201808,49.1,58.4,80.8,78.5,65.0,68.4,0.53,4.2
201809,40.6,50.6,71.7,70.7,56.2,60.6,0.16,4.03
201810,32.7,37.1,55.4,51.9,44.0,44.5,1.94,4.4
201811,22.7,23.5,41.3,36.6,32.0,30.0,2.38,6.33
201812,16.6,14.0,32.0,32.0,24.3,23.0,2.24,3.75
201901,17.8,4.9,34.9,25.0,26.3,14.9,2.22,5.05
201902,15.3,9.0,31.2,29.0,23.2,19.0,4.78,2.71
201903,21.0,14.8,43.9,37.0,32.4,25.9,1.4,2.06
201904,32.6,31.3,53.2,51.2,42.9,41.2,3.2,5.59
201905,37.8,40.7,61.7,60.8,49.8,50.8,2.83,5.66
201906,43.4,48.2,71.0,72.8,57.2,60.5,1.09,5.61
201907,50.3,56.8,80.7,81.0,65.5,68.9,0.54,3.39
201908,50.1,52.4,81.8,76.8,66.0,64.6,0.6,3.79
201909,42.4,45.0,67.6,68.5,55.0,56.8,2.09,3.18
201910,24.6,37.4,48.7,57.2,36.6,47.3,1.58,6.83
201911,23.7,21.2,45.0,37.5,34.3,29.3,0.82,3.98
201912,19.8,14.8,33.4,31.9,26.6,23.3,2.26,3.55
202001,20.3,14.7,34.2,32.2,27.3,23.4,3.96,2.82
202002,15.7,12.7,36.7,32.1,26.2,22.4,2.12,3.23
202003,24.6,23.0,45.6,43.1,35.1,33.0,2.01,2.93
202004,28.7,28.6,54.4,48.9,41.6,38.8,1.44,3.94
202005,37.8,40.1,63.5,65.2,50.6,52.6,2.45,2.95
202006,43.7,50.0,68.8,75.6,56.2,62.8,2.99,2.38
202007,49.1,59.8,80.7,82.0,64.9,70.9,0.43,4.07
202008,51.2,53.9,83.0,76.6,67.1,65.2,0.25,4.35
202009,42.6,44.7,74.8,69.6,58.7,57.2,0.68,2.63
202010,32.4,36.9,58.4,56.0,45.4,46.4,1.52,4.52
202011,23.2,27.9,42.3,47.9,32.7,37.9,2.43,2.91
202012,17.3,19.5,35.2,35.1,26.2,27.3,1.91,3.48
202101,18.5,13.5,34.6,27.3,26.6,20.4,2.31,2.16
202102,17.0,9.5,33.6,28.0,25.3,18.8,3.07,2.21
202103,22.8,18.2,46.9,43.7,34.8,30.9,1.18,1.5
202104,28.6,31.8,55.3,54.4,42.0,43.1,0.86,4.06
202105,36.6,41.2,63.0,65.6,49.8,53.4,1.38,2.58
202106,49.2,53.5,80.9,77.8,65.1,65.7,0.56,2.89
202107,55.6,55.8,88.0,73.8,71.8,64.8,0.59,7.65
202108,49.2,58.9,78.7,78.5,63.9,68.7,1.22,3.73
202109,41.4,48.9,72.8,69.8,57.1,59.3,0.84,3.89
202110,34.6,43.1,55.8,60.1,45.2,51.6,2.88,4.82
202111,27.9,25.2,45.4,43.3,36.6,34.2,2.18,3.33
202112,19.3,19.8,33.6,36.4,26.5,28.1,3.87,3.06
202201,14.8,0.1,32.9,23.4,23.8,11.7,2.3,1.44
202202,13.8,9.2,35.2,32.5,24.5,20.8,0.91,4.09
202203,25.4,20.5,47.0,40.8,36.2,30.6,1.43,3.14
202204,25.4,30.6,48.6,51.8,37.0,41.2,2.35,4.93
202205,34.6,43.3,57.6,70.3,46.1,56.8,3.23,3.23
202206,43.6,49.6,70.6,72.8,57.1,61.2,2.12,3.3
